Agent,Mean Error,Standard Deviation,CVaR50
LSTM,0.015665613,0.9403785,4.805916
BS Delta,0.013250718,0.42799556,4.4020514
