Agent,Mean Error,Standard Deviation,CVaR50
Simple,0.014346577,1.8086559,5.43796
BS Delta,0.013250718,0.42799556,4.4020514
