Agent,Mean Error,Standard Deviation,CVaR50
LSTM,0.0076563368,1.0593892,4.918697
BS Delta,0.0081623485,0.4310803,4.409363
