Agent,Mean Error,Standard Deviation,CVaR50
LSTM,0.013947788,0.9867821,4.845165
BS Delta,0.013250718,0.42799556,4.4020514
