Agent,Mean Error,Standard Deviation,CVaR50
Recurrent,0.0132839745,0.51675665,4.4650702
BS Delta,0.013250718,0.42799556,4.4020514
