Agent,Mean Error,Standard Deviation,CVaR50
WaveNet,0.016209261,0.97778875,5.411015
BS Delta,0.016525816,0.4285244,4.982047
