Agent,Mean Error,Standard Deviation,CVaR50
LSTM,0.018651655,1.2096792,5.0232697
BS Delta,0.0081623485,0.4310803,4.409363
