Agent,Mean Error,Standard Deviation,CVaR50
LSTM,0.013478476,1.049198,4.905654
BS Delta,0.013250718,0.42799556,4.4020514
