Agent,Mean Error,Standard Deviation,CVaR50
GRU,0.01571616,0.69930816,5.1816554
BS Delta,0.016525816,0.4285244,4.982047
