Date,Adj Close,Close,High,Low,Open,Volume
2019-01-02,224.99534606933594,250.17999267578125,251.2100067138672,245.9499969482422,245.97999572753906,126925200
2019-01-03,219.62632751464844,244.2100067138672,248.57000732421875,243.6699981689453,248.22999572753906,144140700
2019-01-04,226.98287963867188,252.38999938964844,253.11000061035156,247.1699981689453,247.58999633789062,142628800
2019-01-07,228.77252197265625,254.3800048828125,255.9499969482422,251.69000244140625,252.69000244140625,103139100
2019-01-08,230.92189025878906,256.7699890136719,257.30999755859375,254.0,256.82000732421875,102512600
2019-01-09,232.00111389160156,257.9700012207031,258.9100036621094,256.19000244140625,257.55999755859375,95006600
2019-01-10,232.81951904296875,258.8800048828125,259.1600036621094,255.5,256.260009765625,96823900
2019-01-11,232.9095001220703,258.9800109863281,259.010009765625,257.0299987792969,257.67999267578125,73858100
2019-01-14,231.488525390625,257.3999938964844,258.29998779296875,256.4100036621094,256.8599853515625,70908200
2019-01-15,234.14157104492188,260.3500061035156,260.70001220703125,257.80999755859375,257.82000732421875,85208300
2019-01-16,234.7080841064453,260.9800109863281,261.9700012207031,260.6000061035156,260.8299865722656,77636700
2019-01-17,236.48880004882812,262.9599914550781,263.9200134277344,259.9599914550781,260.010009765625,96118400
2019-01-18,239.636474609375,266.4599914550781,266.9800109863281,263.0,264.9800109863281,127900300
2019-01-22,236.39886474609375,262.8599853515625,265.05999755859375,261.05999755859375,264.82000732421875,115531200
2019-01-23,236.8935089111328,263.4100036621094,264.7900085449219,260.6600036621094,264.010009765625,86030300
2019-01-24,237.01947021484375,263.54998779296875,264.20001220703125,262.0799865722656,263.2099914550781,59204100
2019-01-25,239.0249481201172,265.7799987792969,266.70001220703125,263.6600036621094,265.6099853515625,96883400
2019-01-28,237.2083282470703,263.760009765625,263.8299865722656,261.7900085449219,263.3900146484375,85613700
2019-01-29,236.8935089111328,263.4100036621094,264.54998779296875,262.4800109863281,263.9200134277344,66136300
2019-01-30,240.6437225341797,267.5799865722656,268.5199890136719,264.25,265.1000061035156,92473700
2019-01-31,242.75717163085938,269.92999267578125,270.4700012207031,267.2699890136719,267.510009765625,104012100
2019-02-01,242.87413024902344,270.05999755859375,271.20001220703125,269.17999267578125,270.1499938964844,85782500
2019-02-04,244.5828094482422,271.9599914550781,272.0299987792969,269.3599853515625,270.1099853515625,60744800
2019-02-05,245.60806274414062,273.1000061035156,273.44000244140625,271.8800048828125,272.44000244140625,79552800
2019-02-06,245.28424072265625,272.739990234375,273.3399963378906,271.9200134277344,272.7900085449219,58347800
2019-02-07,242.9459991455078,270.1400146484375,271.54998779296875,268.2900085449219,270.94000244140625,95482000
2019-02-08,243.2427520751953,270.4700012207031,270.5799865722656,267.8299865722656,268.75,75788900
2019-02-11,243.3777618408203,270.6199951171875,271.489990234375,270.0299987792969,271.20001220703125,68021400
2019-02-12,246.50743103027344,274.1000061035156,274.5199890136719,272.3399963378906,272.4200134277344,72270200
2019-02-13,247.30780029296875,274.989990234375,275.92999267578125,274.55999755859375,275.0299987792969,65277200
2019-02-14,246.7592010498047,274.3800048828125,275.6400146484375,272.8699951171875,273.7799987792969,83234400
2019-02-15,249.44821166992188,277.3699951171875,277.4100036621094,276.1300048828125,276.3599853515625,97088700
2019-02-19,249.87994384765625,277.8500061035156,278.5799865722656,276.4700012207031,276.4800109863281,59120800
2019-02-20,250.38352966308594,278.4100036621094,278.9200134277344,277.25,277.80999755859375,76610800
2019-02-21,249.49322509765625,277.4200134277344,278.1000061035156,276.3500061035156,277.70001220703125,64214700
2019-02-22,251.0400848388672,279.1400146484375,279.3599853515625,277.3999938964844,278.1099853515625,78114600
2019-02-25,251.3817901611328,279.5199890136719,281.30999755859375,279.42999267578125,280.7300109863281,69030700
2019-02-26,251.20193481445312,279.32000732421875,280.29998779296875,278.8999938964844,279.1300048828125,56844100
2019-02-27,251.0940704345703,279.20001220703125,279.5899963378906,277.4800109863281,278.5199890136719,56921600
2019-02-28,250.62632751464844,278.67999267578125,279.45001220703125,278.32000732421875,278.9599914550781,69268300
2019-03-01,252.19113159179688,280.4200134277344,280.8800048828125,278.82000732421875,280.44000244140625,78880500
2019-03-04,251.27386474609375,279.3999938964844,281.8699951171875,276.8399963378906,281.6000061035156,106494600
2019-03-05,250.93214416503906,279.0199890136719,279.760009765625,278.4100036621094,279.5400085449219,59114600
2019-03-06,249.4123077392578,277.3299865722656,279.1600036621094,276.9700012207031,279.1499938964844,75039800
2019-03-07,247.32579040527344,275.010009765625,276.989990234375,274.07000732421875,276.8299865722656,94885100
2019-03-08,246.83111572265625,274.4599914550781,274.6499938964844,272.4200134277344,272.94000244140625,85795800
2019-03-11,250.4105224609375,278.44000244140625,278.6199951171875,275.2300109863281,275.260009765625,65098900
2019-03-12,251.35482788085938,279.489990234375,280.07000732421875,278.8500061035156,279.05999755859375,79667500
2019-03-13,253.01852416992188,281.3399963378906,282.3800048828125,280.29998779296875,280.4800109863281,80639200
2019-03-14,252.85671997070312,281.1600036621094,281.8399963378906,280.6700134277344,281.3699951171875,67518400
2019-03-15,254.10594177246094,281.30999755859375,282.2099914550781,280.3299865722656,280.5400085449219,81309000
2019-03-18,255.02728271484375,282.3299865722656,282.6600036621094,281.29998779296875,281.54998779296875,62199800
2019-03-19,255.09056091308594,282.3999938964844,284.3599853515625,281.4100036621094,283.510009765625,90268100
2019-03-20,254.32273864746094,281.54998779296875,283.5,280.32000732421875,282.1600036621094,84609200
2019-03-21,257.19525146484375,284.7300109863281,285.17999267578125,280.5899963378906,280.6400146484375,79550400
2019-03-22,252.2451629638672,279.25,283.79998779296875,279.17999267578125,283.2200012207031,122659300
2019-03-25,252.0554656982422,279.0400085449219,280.19000244140625,277.6400146484375,278.8699951171875,85575200
2019-03-26,253.9342803955078,281.1199951171875,282.17999267578125,279.55999755859375,280.989990234375,68125900
2019-03-27,252.60647583007812,279.6499938964844,281.760009765625,277.92999267578125,281.1099853515625,72224700
2019-03-28,253.56393432617188,280.7099914550781,281.2099914550781,279.07000732421875,280.3500061035156,56238500
2019-03-29,255.16282653808594,282.4800109863281,282.8399963378906,281.1400146484375,282.3900146484375,82186800
2019-04-01,258.18878173828125,285.8299865722656,286.1600036621094,284.3999938964844,284.70001220703125,77617900
2019-04-02,258.3153076171875,285.9700012207031,286.2300109863281,285.0899963378906,286.0400085449219,40070400
2019-04-03,258.7218322753906,286.4200134277344,287.760009765625,285.75,287.32000732421875,68243200
2019-04-04,259.4083251953125,287.17999267578125,287.4599914550781,286.010009765625,286.7799987792969,48997500
2019-04-05,260.66387939453125,288.57000732421875,288.6300048828125,287.6000061035156,287.9200134277344,58621700
2019-04-08,260.862548828125,288.7900085449219,288.9100036621094,287.3699951171875,288.1000061035156,53566300
2019-04-09,259.5256652832031,287.30999755859375,288.0799865722656,286.70001220703125,287.7200012207031,66142300
2019-04-10,260.41094970703125,288.2900085449219,288.3900146484375,287.30999755859375,287.7699890136719,52601500
2019-04-11,260.33868408203125,288.2099914550781,288.8399963378906,287.5799865722656,288.8299865722656,55093100
2019-04-12,262.10015869140625,290.1600036621094,290.4700012207031,288.260009765625,290.0,69727800
2019-04-15,261.928466796875,289.9700012207031,290.3500061035156,289.0799865722656,290.239990234375,49596700
2019-04-16,262.10015869140625,290.1600036621094,291.010009765625,289.5,290.95001220703125,52153200
2019-04-17,261.4587707519531,289.45001220703125,291.42999267578125,288.989990234375,291.3999938964844,58268300
2019-04-18,261.9736633300781,290.0199890136719,290.32000732421875,288.6600036621094,290.1000061035156,68708500
2019-04-22,262.1995849609375,290.2699890136719,290.44000244140625,289.07000732421875,289.1700134277344,40160100
2019-04-23,264.5570068359375,292.8800048828125,293.1400146484375,290.4200134277344,290.67999267578125,52246600
2019-04-24,263.969970703125,292.2300109863281,293.1600036621094,292.07000732421875,292.7900085449219,50392900
2019-04-25,263.80731201171875,292.04998779296875,292.7799987792969,290.7300109863281,292.1199951171875,57770900
2019-04-26,265.035888671875,293.4100036621094,293.489990234375,291.239990234375,292.1000061035156,50916400
2019-04-29,265.451416015625,293.8699951171875,294.45001220703125,293.4100036621094,293.510009765625,57197700
2019-04-30,265.58685302734375,294.0199890136719,294.3399963378906,291.9200134277344,293.489990234375,81111700
2019-05-01,263.59051513671875,291.80999755859375,294.95001220703125,291.79998779296875,294.7200012207031,71671900
2019-05-02,263.02142333984375,291.17999267578125,292.70001220703125,289.5199890136719,291.67999267578125,65030200
2019-05-03,265.5957946777344,294.0299987792969,294.3399963378906,291.29998779296875,292.82000732421875,56543700
2019-05-06,264.5028991699219,292.82000732421875,293.30999755859375,288.8999938964844,289.25,107198100
2019-05-07,260.08575439453125,287.92999267578125,290.80999755859375,285.80999755859375,290.1499938964844,144729900
2019-05-08,259.7244567871094,287.5299987792969,289.42999267578125,286.8699951171875,287.5299987792969,91568300
2019-05-09,258.93853759765625,286.6600036621094,287.3299865722656,283.29998779296875,285.2300109863281,103471100
2019-05-10,260.23931884765625,288.1000061035156,288.94000244140625,282.29998779296875,285.6199951171875,112429300
2019-05-13,253.69952392578125,280.8599853515625,283.489990234375,279.92999267578125,282.4200134277344,127290500
2019-05-14,255.99386596679688,283.3999938964844,285.1000061035156,281.8500061035156,281.989990234375,77003200
2019-05-15,257.4932861328125,285.05999755859375,285.7699890136719,281.3599853515625,281.5899963378906,73956400
2019-05-16,259.8780517578125,287.70001220703125,289.2099914550781,285.760009765625,285.8399963378906,76749600
2019-05-17,258.1979064941406,285.8399963378906,288.6000061035156,285.1199951171875,285.1400146484375,100353000
2019-05-20,256.4906005859375,283.95001220703125,285.9599914550781,283.1199951171875,284.05999755859375,62877600
2019-05-21,258.8030700683594,286.510009765625,286.92999267578125,285.54998779296875,285.8299865722656,46847100
2019-05-22,258.00811767578125,285.6300048828125,286.69000244140625,285.1000061035156,285.45001220703125,49482500
2019-05-23,254.855712890625,282.1400146484375,283.2099914550781,280.57000732421875,283.1600036621094,98733800
2019-05-24,255.43380737304688,282.7799987792969,284.20001220703125,282.0899963378906,283.739990234375,55268100
2019-05-28,253.05809020996094,280.1499938964844,284.1499938964844,280.1300048828125,283.0899963378906,70029400
2019-05-29,251.35992431640625,278.2699890136719,279.3599853515625,276.7099914550781,278.9100036621094,104972900
2019-05-30,252.04638671875,279.0299987792969,280.0400085449219,277.80999755859375,279.1099853515625,62523800
2019-05-31,248.65005493164062,275.2699890136719,277.1199951171875,275.239990234375,276.20001220703125,86862800
2019-06-03,248.0177459716797,274.57000732421875,276.54998779296875,273.0899963378906,275.30999755859375,96428000
2019-06-04,253.40139770507812,280.5299987792969,280.67999267578125,276.6199951171875,277.1199951171875,77231900
2019-06-05,255.59642028808594,282.9599914550781,282.989990234375,280.32000732421875,282.3299865722656,71169700
2019-06-06,257.2584533691406,284.79998779296875,285.54998779296875,282.57000732421875,283.2900085449219,69430400
2019-06-07,259.83282470703125,287.6499938964844,288.8500061035156,285.739990234375,285.92999267578125,74272200
2019-06-10,261.0252380371094,288.9700012207031,290.82000732421875,288.8699951171875,289.3699951171875,60799100
2019-06-11,260.9619445800781,288.8999938964844,291.3999938964844,288.17999267578125,290.989990234375,58641300
2019-06-12,260.501220703125,288.3900146484375,289.260009765625,287.82000732421875,288.6400146484375,47096300
2019-06-13,261.5761413574219,289.5799865722656,289.9800109863281,288.6199951171875,289.3999938964844,48945200
2019-06-14,261.2871398925781,289.260009765625,289.92999267578125,288.4100036621094,289.260009765625,52324700
2019-06-17,261.386474609375,289.3699951171875,290.2200012207031,289.17999267578125,289.5199890136719,39205700
2019-06-18,264.1235046386719,292.3999938964844,293.57000732421875,290.989990234375,291.3900146484375,85434800
2019-06-19,264.7197265625,293.05999755859375,293.6499938964844,291.4700012207031,292.54998779296875,78674400
2019-06-20,267.2488708496094,295.8599853515625,296.30999755859375,293.1300048828125,296.0400085449219,116570000
2019-06-21,266.8603210449219,294.0,295.5199890136719,293.760009765625,294.1300048828125,83309500
2019-06-24,266.53369140625,293.6400146484375,294.5799865722656,293.4700012207031,294.2300109863281,47582700
2019-06-25,263.9195861816406,290.760009765625,293.7300109863281,290.6400146484375,293.70001220703125,82028700
2019-06-26,263.65618896484375,290.4700012207031,292.30999755859375,290.3500061035156,291.75,51584900
2019-06-27,264.5912170410156,291.5,292.05999755859375,290.8900146484375,291.30999755859375,40355200
2019-06-28,265.95257568359375,293.0,293.54998779296875,292.010009765625,292.5799865722656,59350900
2019-07-01,268.3671875,295.6600036621094,296.9200134277344,294.3299865722656,296.67999267578125,78705600
2019-07-02,269.06610107421875,296.42999267578125,296.489990234375,294.67999267578125,295.6099853515625,61504500
2019-07-03,271.21734619140625,298.79998779296875,298.82000732421875,297.0199890136719,297.17999267578125,40898900
2019-07-05,270.90869140625,298.4599914550781,298.6400146484375,296.010009765625,297.44000244140625,51677300
2019-07-08,269.420166015625,296.82000732421875,298.260009765625,296.2200012207031,297.010009765625,45841800
2019-07-09,269.7559509277344,297.19000244140625,297.5199890136719,295.4800109863281,295.5400085449219,41101300
2019-07-10,271.04486083984375,298.6099853515625,299.6600036621094,297.7799987792969,298.3699951171875,58448500
2019-07-11,271.68023681640625,299.30999755859375,299.5799865722656,298.20001220703125,299.32000732421875,50826100
2019-07-12,272.8964538574219,300.6499938964844,300.7300109863281,299.510009765625,299.8500061035156,40326000
2019-07-15,272.98724365234375,300.75,301.1300048828125,300.19000244140625,301.1300048828125,33900000
2019-07-16,272.10687255859375,299.7799987792969,300.8800048828125,299.44000244140625,300.6499938964844,36650100
2019-07-17,270.255126953125,297.739990234375,299.92999267578125,297.739990234375,299.75,36036300
2019-07-18,271.2445068359375,298.8299865722656,299.25,296.70001220703125,297.19000244140625,51392600
2019-07-19,269.7378234863281,297.1700134277344,300.07000732421875,296.9800109863281,300.0400085449219,58678600
2019-07-22,270.4003601074219,297.8999938964844,298.5,297.0400085449219,297.6099853515625,43638100
2019-07-23,272.3337707519531,300.0299987792969,300.0299987792969,298.2200012207031,299.1400146484375,44564500
2019-07-24,273.6136169433594,301.44000244140625,301.44000244140625,299.0899963378906,299.19000244140625,47213200
2019-07-25,272.3065185546875,300.0,301.0,299.1099853515625,300.94000244140625,55394100
2019-07-26,274.1309814453125,302.010009765625,302.2300109863281,300.6199951171875,300.760009765625,45084100
2019-07-29,273.63177490234375,301.4599914550781,302.010009765625,300.8500061035156,301.8800048828125,38126500
2019-07-30,272.9600830078125,300.7200012207031,301.1700134277344,299.489990234375,299.9100036621094,45849000
2019-07-31,269.97369384765625,297.42999267578125,301.20001220703125,295.20001220703125,300.989990234375,104245200
2019-08-01,267.622802734375,294.8399963378906,300.8699951171875,293.9599914550781,297.6000061035156,142646600
2019-08-02,265.6077880859375,292.6199951171875,294.1199951171875,290.8999938964844,293.8500061035156,116749700
2019-08-05,257.62017822265625,283.82000732421875,288.2099914550781,281.7200012207031,288.0899963378906,178745400
2019-08-06,261.2327575683594,287.79998779296875,288.0400085449219,284.2799987792969,285.9100036621094,120711700
2019-08-07,261.38702392578125,287.9700012207031,288.82000732421875,282.0400085449219,284.3999938964844,140572300
2019-08-08,266.5155334472656,293.6199951171875,293.6199951171875,289.010009765625,289.6199951171875,87713900
2019-08-09,264.70013427734375,291.6199951171875,293.239990234375,289.6499938964844,292.5799865722656,93730000
2019-08-12,261.477783203125,288.07000732421875,291.6099853515625,287.0199890136719,289.9599914550781,65527600
2019-08-13,265.5442199707031,292.54998779296875,294.1499938964844,287.3599853515625,287.739990234375,94299800
2019-08-14,257.6927185058594,283.8999938964844,288.739990234375,283.760009765625,288.07000732421875,135622100
2019-08-15,258.3735046386719,284.6499938964844,285.6400146484375,282.3900146484375,284.8800048828125,99556600
2019-08-16,262.1858215332031,288.8500061035156,289.3299865722656,284.7099914550781,286.4800109863281,83018300
2019-08-19,265.344482421875,292.3299865722656,293.0799865722656,291.44000244140625,292.19000244140625,53571800
2019-08-20,263.311279296875,290.0899963378906,292.3599853515625,289.95001220703125,291.7699890136719,51596400
2019-08-21,265.45355224609375,292.45001220703125,292.8599853515625,291.7200012207031,292.4800109863281,49524700
2019-08-22,265.37176513671875,292.3599853515625,293.92999267578125,290.3999938964844,293.2300109863281,51666400
2019-08-23,258.5550842285156,284.8500061035156,292.760009765625,283.4700012207031,290.9200134277344,149161500
2019-08-26,261.4141540527344,288.0,288.0,285.5799865722656,287.2699890136719,72423800
2019-08-27,260.3885803222656,286.8699951171875,289.95001220703125,286.0299987792969,289.5400085449219,66668900
2019-08-28,262.22210693359375,288.8900146484375,289.07000732421875,285.25,286.1400146484375,59696700
2019-08-29,265.57147216796875,292.5799865722656,293.1600036621094,290.6099853515625,291.7200012207031,57899400
2019-08-30,265.45355224609375,292.45001220703125,294.239990234375,291.4200134277344,294.2200012207031,62901200
2019-09-03,263.9013366699219,290.739990234375,291.5799865722656,289.2699890136719,290.57000732421875,69101400
2019-09-04,266.89666748046875,294.0400085449219,294.05999755859375,292.30999755859375,293.1400146484375,46887300
2019-09-05,270.32781982421875,297.82000732421875,298.8299865722656,294.0,296.7900085449219,83258100
2019-09-06,270.5365905761719,298.04998779296875,298.760009765625,297.4200134277344,298.1700134277344,49584300
2019-09-09,270.6727294921875,298.20001220703125,299.239990234375,297.1600036621094,299.1400146484375,51260300
2019-09-10,270.60919189453125,298.1300048828125,298.20001220703125,295.9700012207031,297.3599853515625,57947100
2019-09-11,272.5334777832031,300.25,300.3399963378906,297.75,298.4700012207031,68821100
2019-09-12,273.4774475097656,301.2900085449219,302.4599914550781,300.4100036621094,301.25,72908700
2019-09-13,273.2958679199219,301.0899963378906,302.1700134277344,300.67999267578125,301.7799987792969,62104800
2019-09-16,272.4517822265625,300.1600036621094,301.1400146484375,299.45001220703125,299.8399963378906,58191200
2019-09-17,273.1416320800781,300.9200134277344,301.0199890136719,299.75,299.94000244140625,41475500
2019-09-18,273.30499267578125,301.1000061035156,301.2200012207031,298.239990234375,300.489990234375,73375800
2019-09-19,273.28680419921875,301.0799865722656,302.6300048828125,300.7099914550781,301.5299987792969,76560500
2019-09-20,271.9956359863281,298.2799987792969,300.6700134277344,297.4100036621094,300.3599853515625,89565000
2019-09-23,271.9317932128906,298.2099914550781,299.0,297.2699890136719,297.54998779296875,43476800
2019-09-24,269.7979736328125,295.8699951171875,299.8399963378906,294.80999755859375,299.4100036621094,94869400
2019-09-25,271.3937683105469,297.6199951171875,298.1099853515625,294.3299865722656,295.9599914550781,71854000
2019-09-26,270.82843017578125,297.0,297.8599853515625,295.45001220703125,297.6300048828125,56179700
2019-09-27,269.3692932128906,295.3999938964844,297.95001220703125,293.69000244140625,297.8299865722656,84746600
2019-09-30,270.61865234375,296.7699890136719,297.54998779296875,295.9200134277344,295.9700012207031,51662400
2019-10-01,267.3997497558594,293.239990234375,298.4599914550781,293.0,297.739990234375,88242400
2019-10-02,262.6761779785156,288.05999755859375,291.510009765625,286.6400146484375,291.5,122539500
2019-10-03,264.8282775878906,290.4200134277344,290.45001220703125,284.82000732421875,287.80999755859375,85278800
2019-10-04,268.41192626953125,294.3500061035156,294.6300048828125,291.0799865722656,291.1400146484375,65091200
2019-10-07,267.2538146972656,293.0799865722656,295.260009765625,292.7699890136719,293.4700012207031,59610500
2019-10-08,263.10491943359375,288.5299987792969,291.8500061035156,288.489990234375,291.0400085449219,95708100
2019-10-09,265.60333251953125,291.2699890136719,292.29998779296875,290.05999755859375,290.75,62359400
2019-10-10,267.3997497558594,293.239990234375,294.2099914550781,291.0,291.17999267578125,55296300
2019-10-11,270.1717834472656,296.2799987792969,298.739990234375,296.1400146484375,296.2699890136719,98720400
2019-10-14,269.87091064453125,295.95001220703125,296.6700134277344,295.57000732421875,295.92999267578125,40394800
2019-10-15,272.542724609375,298.8800048828125,299.70001220703125,296.9700012207031,297.1000061035156,46754500
2019-10-16,272.1050109863281,298.3999938964844,299.1600036621094,297.9200134277344,298.3699951171875,48928200
2019-10-17,272.9075012207031,299.2799987792969,300.239990234375,298.5199890136719,299.67999267578125,45736600
2019-10-18,271.7129211425781,297.9700012207031,299.3999938964844,297.0299987792969,298.69000244140625,64304000
2019-10-21,273.554931640625,299.989990234375,300.2099914550781,298.94000244140625,299.4200134277344,39048600
2019-10-22,272.6612548828125,299.010009765625,300.8999938964844,298.9100036621094,300.5799865722656,48594700
2019-10-23,273.4546203613281,299.8800048828125,299.94000244140625,298.5,298.7300109863281,34352200
2019-10-24,273.90142822265625,300.3699951171875,301.07000732421875,299.4599914550781,300.9100036621094,35453100
2019-10-25,275.02301025390625,301.6000061035156,302.20001220703125,299.67999267578125,299.739990234375,45205400
2019-10-28,276.5732116699219,303.29998779296875,303.8500061035156,302.9100036621094,302.94000244140625,42147000
2019-10-29,276.49114990234375,303.2099914550781,304.2300109863281,302.8599853515625,303.0,44284900
2019-10-30,277.3392028808594,304.1400146484375,304.54998779296875,301.989990234375,303.42999267578125,49643900
2019-10-31,276.6005859375,303.3299865722656,304.1300048828125,301.7300109863281,304.1300048828125,69053800
2019-11-01,279.16302490234375,306.1400146484375,306.19000244140625,304.739990234375,304.9200134277344,71141500
2019-11-04,280.2845458984375,307.3699951171875,308.0,306.9599914550781,307.8500061035156,60606900
2019-11-05,279.9744567871094,307.0299987792969,307.9200134277344,306.7099914550781,307.5899963378906,42933200
2019-11-06,280.0384826660156,307.1000061035156,307.3999938964844,306.05999755859375,307.0299987792969,46487100
2019-11-07,281.023193359375,308.17999267578125,309.6499938964844,307.6600036621094,308.57000732421875,54272300
2019-11-08,281.71630859375,308.94000244140625,309.0,307.0299987792969,307.79998779296875,49032100
2019-11-11,281.1782531738281,308.3500061035156,308.5400085449219,307.2699890136719,307.4200134277344,35797300
2019-11-12,281.7709655761719,309.0,309.989990234375,308.1499938964844,308.75,46484600
2019-11-13,281.86212158203125,309.1000061035156,309.5400085449219,307.6600036621094,307.9100036621094,53917700
2019-11-14,282.2724914550781,309.54998779296875,309.6400146484375,308.0899963378906,308.7900085449219,51219900
2019-11-15,284.3150939941406,311.7900085449219,311.8399963378906,310.260009765625,311.0199890136719,62023600
2019-11-18,284.5248718261719,312.0199890136719,312.2799987792969,311.0299987792969,311.5299987792969,49228000
2019-11-19,284.4427490234375,311.92999267578125,312.69000244140625,311.2200012207031,312.67999267578125,67804700
2019-11-20,283.3850402832031,310.7699890136719,311.8500061035156,309.05999755859375,311.2799987792969,79406200
2019-11-21,282.9290466308594,310.2699890136719,311.010009765625,309.3900146484375,310.8900146484375,54664700
2019-11-22,283.55816650390625,310.9599914550781,311.239990234375,309.8500061035156,311.0899963378906,44850200
2019-11-25,285.75592041015625,313.3699951171875,313.3699951171875,311.9800109863281,311.9800109863281,48647200
2019-11-26,286.40338134765625,314.0799865722656,314.2799987792969,313.05999755859375,313.4100036621094,37569000
2019-11-27,287.67999267578125,315.4800109863281,315.4800109863281,314.3699951171875,314.6099853515625,44444600
2019-11-29,286.6130065917969,314.30999755859375,315.1300048828125,314.05999755859375,314.8599853515625,36592700
2019-12-02,284.1783142089844,311.6400146484375,314.6600036621094,311.1700134277344,314.5899963378906,75767800
2019-12-03,282.2724914550781,309.54998779296875,309.6400146484375,307.1300048828125,308.6499938964844,73941700
2019-12-04,284.0142517089844,311.4599914550781,312.1199951171875,310.32000732421875,310.70001220703125,49080000
2019-12-05,284.5248718261719,312.0199890136719,312.25,310.5799865722656,312.2300109863281,40709000
2019-12-06,287.12384033203125,314.8699951171875,315.30999755859375,314.1099853515625,314.1199951171875,48927000
2019-12-09,286.220947265625,313.8800048828125,315.17999267578125,313.79998779296875,314.44000244140625,34838500
2019-12-10,285.9017333984375,313.5299987792969,314.54998779296875,312.80999755859375,313.82000732421875,52649800
2019-12-11,286.71337890625,314.4200134277344,314.70001220703125,313.44000244140625,314.0299987792969,53429100
2019-12-12,289.1845397949219,317.1300048828125,317.989990234375,314.1700134277344,314.42999267578125,96389600
2019-12-13,289.3578186035156,317.32000732421875,318.6700134277344,316.0199890136719,316.8699951171875,81503900
2019-12-16,291.34576416015625,319.5,320.1499938964844,317.25,319.2200012207031,82749700
2019-12-17,291.4095764160156,319.57000732421875,320.25,319.4800109863281,319.9200134277344,61097700
2019-12-18,291.4277648925781,319.5899963378906,320.25,319.5299987792969,320.0,48133000
2019-12-19,292.6223449707031,320.8999938964844,320.9800109863281,319.5199890136719,319.79998779296875,85310500
2019-12-20,293.9052429199219,320.7300109863281,321.9700012207031,319.3900146484375,320.4599914550781,147142100
2019-12-23,294.3542175292969,321.2200012207031,321.6499938964844,321.05999755859375,321.5899963378906,52990000
2019-12-24,294.36346435546875,321.2300109863281,321.5199890136719,320.8999938964844,321.4700012207031,20270000
2019-12-26,295.9303283691406,322.94000244140625,322.95001220703125,321.6400146484375,321.6499938964844,30911200
2019-12-27,295.8570251464844,322.8599853515625,323.79998779296875,322.2799987792969,323.739990234375,42528800
2019-12-30,294.2259521484375,321.0799865722656,323.1000061035156,320.54998779296875,322.95001220703125,49729100
2019-12-31,294.94073486328125,321.8599853515625,322.1300048828125,320.1499938964844,320.5299987792969,57077300
2020-01-02,297.698974609375,324.8699951171875,324.8900146484375,322.5299987792969,323.5400085449219,59151200
2020-01-03,295.44476318359375,322.4100036621094,323.6400146484375,321.1000061035156,321.1600036621094,77709700
2020-01-06,296.5718994140625,323.6400146484375,323.7300109863281,320.3599853515625,320.489990234375,55653900
2020-01-07,295.7379455566406,322.7300109863281,323.5400085449219,322.239990234375,323.0199890136719,40496400
2020-01-08,297.3141174316406,324.45001220703125,325.7799987792969,322.6700134277344,322.94000244140625,68296000
2020-01-09,299.3301086425781,326.6499938964844,326.7300109863281,325.5199890136719,326.1600036621094,48473300
2020-01-10,298.4687194824219,325.7099914550781,327.4599914550781,325.20001220703125,327.2900085449219,53029300
2020-01-13,300.5214538574219,327.95001220703125,327.9599914550781,325.9200134277344,326.3900146484375,47086800
2020-01-14,300.063232421875,327.45001220703125,328.6199951171875,326.8399963378906,327.4700012207031,62832800
2020-01-15,300.7413635253906,328.19000244140625,329.0199890136719,327.260009765625,327.3500061035156,72056600
2020-01-16,303.242919921875,330.9200134277344,330.9200134277344,329.45001220703125,329.70001220703125,54050300
2020-01-17,304.1869201660156,331.95001220703125,332.17999267578125,330.8500061035156,331.70001220703125,95846000
2020-01-21,303.5912170410156,331.29998779296875,332.17999267578125,330.82000732421875,330.8999938964844,77742400
2020-01-22,303.62786865234375,331.3399963378906,332.95001220703125,331.1700134277344,332.239990234375,48914900
2020-01-23,303.97607421875,331.7200012207031,332.1700134277344,329.4100036621094,330.6300048828125,51963000
2020-01-24,301.2727966308594,328.7699890136719,332.5299987792969,327.3599853515625,332.44000244140625,87578400
2020-01-27,296.44354248046875,323.5,325.1199951171875,322.6600036621094,323.0299987792969,84062500
2020-01-28,299.55010986328125,326.8900146484375,327.8500061035156,323.6000061035156,325.05999755859375,63834000
2020-01-29,299.3026428222656,326.6199951171875,328.6300048828125,326.3999938964844,328.3800048828125,53888900
2020-01-30,300.27392578125,327.67999267578125,327.9100036621094,323.5400085449219,324.3599853515625,75491800
2020-01-31,294.8216247558594,321.7300109863281,327.1700134277344,320.7300109863281,327.0,113845600
2020-02-03,297.0117492675781,324.1199951171875,326.1600036621094,323.2200012207031,323.3500061035156,69083000
2020-02-04,301.53857421875,329.05999755859375,330.010009765625,327.7200012207031,328.07000732421875,62573200
2020-02-05,305.0206604003906,332.8599853515625,333.0899963378906,330.6700134277344,332.2699890136719,65951100
2020-02-06,306.04705810546875,333.9800109863281,334.19000244140625,332.79998779296875,333.9100036621094,50359700
2020-02-07,304.4158935546875,332.20001220703125,333.989990234375,331.6000061035156,332.82000732421875,64139400
2020-02-10,306.6884765625,334.67999267578125,334.75,331.19000244140625,331.2300109863281,42070000
2020-02-11,307.22003173828125,335.260009765625,337.0199890136719,334.67999267578125,336.1600036621094,54864500
2020-02-12,309.1993408203125,337.4200134277344,337.6499938964844,336.42999267578125,336.8299865722656,43992700
2020-02-13,308.86944580078125,337.05999755859375,338.1199951171875,335.55999755859375,335.8599853515625,54501900
2020-02-14,309.3642883300781,337.6000061035156,337.7300109863281,336.20001220703125,337.510009765625,64582200
2020-02-18,308.56707763671875,336.7300109863281,337.6700134277344,335.2099914550781,336.510009765625,57226200
2020-02-19,310.0423889160156,338.3399963378906,339.0799865722656,337.4800109863281,337.7900085449219,48814700
2020-02-20,308.76861572265625,336.95001220703125,338.6400146484375,333.67999267578125,337.739990234375,74163400
2020-02-21,305.5888671875,333.4800109863281,335.80999755859375,332.5799865722656,335.4700012207031,113788200
2020-02-24,295.4538879394531,322.4200134277344,333.55999755859375,321.239990234375,323.1400146484375,161088400
2020-02-25,286.5010681152344,312.6499938964844,324.6099853515625,311.69000244140625,323.94000244140625,218913200
2020-02-26,285.4472351074219,311.5,318.1099853515625,310.70001220703125,314.17999267578125,194773800
2020-02-27,272.6273193359375,297.510009765625,311.55999755859375,297.510009765625,305.4599914550781,284353500
2020-02-28,271.4817810058594,296.260009765625,297.8900146484375,285.5400085449219,288.70001220703125,384975800
2020-03-02,283.23876953125,309.0899963378906,309.1600036621094,294.4599914550781,298.2099914550781,238703600
2020-03-03,275.1289367675781,300.239990234375,313.8399963378906,297.57000732421875,309.5,300139100
2020-03-04,286.6935119628906,312.8599853515625,313.1000061035156,303.3299865722656,306.1199951171875,176613400
2020-03-05,277.16326904296875,302.4599914550781,308.4700012207031,300.010009765625,304.9800109863281,186366800
2020-03-06,272.5815124511719,297.4599914550781,298.7799987792969,290.2300109863281,293.1499938964844,228667200
2020-03-09,251.29443359375,274.2300109863281,284.19000244140625,273.45001220703125,275.29998779296875,309417300
2020-03-10,264.29754638671875,288.4200134277344,288.5199890136719,273.5,284.6400146484375,276444100
2020-03-11,251.41346740722656,274.3599853515625,281.94000244140625,270.8800048828125,280.70001220703125,255316300
2020-03-12,227.3589324951172,248.11000061035156,266.6600036621094,247.67999267578125,256.0,392220700
2020-03-13,246.7949981689453,269.32000732421875,271.4800109863281,248.52000427246094,263.0899963378906,329566100
2020-03-16,219.78977966308594,239.85000610351562,256.8999938964844,237.36000061035156,241.17999267578125,297240000
2020-03-17,231.6566925048828,252.8000030517578,256.1700134277344,237.07000732421875,245.0399932861328,262070500
2020-03-18,219.92718505859375,240.0,248.3699951171875,228.02000427246094,236.25,327597100
2020-03-19,220.39454650878906,240.50999450683594,247.3800048828125,232.22000122070312,239.25,289322000
2020-03-20,210.89683532714844,228.8000030517578,244.47000122070312,228.5,242.52999877929688,347158800
2020-03-23,205.5045928955078,222.9499969482422,229.67999267578125,218.25999450683594,228.19000244140625,326025200
2020-03-24,224.12400817871094,243.14999389648438,244.10000610351562,233.8000030517578,234.4199981689453,235494500
2020-03-25,227.47914123535156,246.7899932861328,256.3500061035156,239.75,244.8699951171875,299430300
2020-03-26,240.76161193847656,261.20001220703125,262.79998779296875,249.0500030517578,249.52000427246094,257632800
2020-03-27,233.59036254882812,253.4199981689453,260.80999755859375,251.0500030517578,253.27000427246094,224341200
2020-03-30,241.1763916015625,261.6499938964844,262.42999267578125,253.52999877929688,255.6999969482422,171369500
2020-03-31,237.58154296875,257.75,263.3299865722656,256.2200012207031,260.55999755859375,194881100
2020-04-01,226.8892364501953,246.14999389648438,257.6600036621094,243.89999389648438,247.97999572753906,189554600
2020-04-02,232.12477111816406,251.8300018310547,252.67999267578125,244.58999633789062,245.19000244140625,177660400
2020-04-03,228.76962280273438,248.19000244140625,253.32000732421875,245.22000122070312,250.75999450683594,135561200
2020-04-06,244.13516235351562,264.8599853515625,267.0,248.1699981689453,257.8399963378906,188061200
2020-04-07,244.38404846191406,265.1300048828125,275.0299987792969,264.8900146484375,274.2099914550781,201427200
2020-04-08,252.5876922607422,274.0299987792969,276.0,265.25,267.9599914550781,153774500
2020-04-09,256.4313659667969,278.20001220703125,281.20001220703125,275.4700012207031,277.5799865722656,189999200
2020-04-13,254.09010314941406,275.6600036621094,277.510009765625,271.4100036621094,277.1400146484375,114839100
2020-04-14,261.58392333984375,283.7900085449219,284.8999938964844,275.510009765625,280.9800109863281,134143400
2020-04-15,256.0257568359375,277.760009765625,283.94000244140625,275.4599914550781,277.57000732421875,121775000
2020-04-16,257.2610168457031,279.1000061035156,280.0299987792969,275.760009765625,279.1499938964844,131798300
2020-04-17,264.2110290527344,286.6400146484375,287.29998779296875,282.3999938964844,285.3800048828125,146684800
2020-04-20,259.55609130859375,281.5899963378906,286.7900085449219,281.3500061035156,282.6099853515625,100109300
2020-04-21,251.67518615722656,273.0400085449219,278.0400085449219,272.0199890136719,276.7300109863281,126385700
2020-04-22,257.2610168457031,279.1000061035156,281.0,276.9100036621094,278.3500061035156,92951600
2020-04-23,257.2424011230469,279.0799865722656,283.94000244140625,278.75,280.489990234375,104709700
2020-04-24,260.8281555175781,282.9700012207031,283.70001220703125,278.5,280.7300109863281,85063200
2020-04-27,264.5888671875,287.04998779296875,288.2699890136719,284.6199951171875,285.1199951171875,77896600
2020-04-28,263.3721923828125,285.7300109863281,291.3999938964844,285.3999938964844,291.0199890136719,105270000
2020-04-29,270.2669372558594,293.2099914550781,294.8800048828125,290.4100036621094,291.5299987792969,118745600
2020-04-30,267.7504577636719,290.4800109863281,293.32000732421875,288.5899963378906,291.7099914550781,122901700
2020-05-01,260.66217041015625,282.7900085449219,290.6600036621094,281.5199890136719,285.30999755859375,125180000
2020-05-04,261.38116455078125,283.57000732421875,283.8999938964844,279.1300048828125,280.739990234375,80873200
2020-05-05,263.796142578125,286.19000244140625,289.25,283.7099914550781,286.6400146484375,79569900
2020-05-06,262.00787353515625,284.25,288.4599914550781,283.7799987792969,288.0400085449219,73632600
2020-05-07,265.1695861816406,287.67999267578125,289.7799987792969,287.1300048828125,287.75,75250400
2020-05-08,269.5570373535156,292.44000244140625,292.95001220703125,289.8599853515625,291.0899963378906,76452400
2020-05-11,269.6124572753906,292.5,294.0,289.8800048828125,290.3399963378906,79514200
2020-05-12,264.2386779785156,286.6700134277344,294.239990234375,286.5199890136719,293.7900085449219,95870800
2020-05-13,259.5653381347656,281.6000061035156,287.19000244140625,278.9599914550781,286.05999755859375,144721100
2020-05-14,262.671630859375,284.9700012207031,285.1099853515625,272.989990234375,278.95001220703125,121977900
2020-05-15,263.8791809082031,286.2799987792969,286.3299865722656,281.3399963378906,282.3699951171875,111146300
2020-05-18,271.9168701171875,295.0,296.75,292.70001220703125,293.04998779296875,119703800
2020-05-19,269.1238708496094,291.9700012207031,296.2099914550781,291.95001220703125,294.3500061035156,95189300
2020-05-20,273.6957702636719,296.92999267578125,297.8699951171875,295.57000732421875,295.82000732421875,85861700
2020-05-21,271.8061218261719,294.8800048828125,297.6700134277344,293.69000244140625,296.7900085449219,78293900
2020-05-22,272.3224182128906,295.44000244140625,295.6300048828125,293.2200012207031,294.57000732421875,63958200
2020-05-26,275.6775207519531,299.0799865722656,302.19000244140625,295.4599914550781,301.92999267578125,88951400
2020-05-27,279.77935791015625,303.5299987792969,303.57000732421875,296.8699951171875,302.1199951171875,104817400
2020-05-28,279.2632141113281,302.9700012207031,306.8399963378906,302.239990234375,304.6499938964844,90405200
2020-05-29,280.50750732421875,304.32000732421875,304.9599914550781,299.4700012207031,302.4599914550781,119090800
2020-06-01,281.6412658691406,305.54998779296875,306.2099914550781,303.05999755859375,303.6199951171875,55758300
2020-06-02,283.9732971191406,308.0799865722656,308.1300048828125,305.1000061035156,306.54998779296875,74267200
2020-06-03,287.7525329589844,312.17999267578125,313.2200012207031,309.94000244140625,310.239990234375,92567600
2020-06-04,286.9966735839844,311.3599853515625,313.0,309.0799865722656,311.1099853515625,75794400
2020-06-05,294.3522033691406,319.3399963378906,321.2699890136719,317.1600036621094,317.2300109863281,150524700
2020-06-08,297.9102478027344,323.20001220703125,323.4100036621094,319.6300048828125,320.2200012207031,73641200
2020-06-09,295.6888122558594,320.7900085449219,323.2799987792969,319.3599853515625,320.29998779296875,77479200
2020-06-10,294.0389099121094,319.0,322.3900146484375,318.2200012207031,321.4200134277344,95000800
2020-06-11,277.08782958984375,300.6099853515625,312.1499938964844,300.010009765625,311.4599914550781,209243600
2020-06-12,280.4061279296875,304.2099914550781,309.0799865722656,298.6000061035156,308.239990234375,194678900
2020-06-15,283.02392578125,307.04998779296875,308.2799987792969,296.739990234375,298.0199890136719,135782700
2020-06-16,288.47137451171875,312.9599914550781,315.6400146484375,307.6700134277344,315.4800109863281,137627500
2020-06-17,287.2731628417969,311.6600036621094,314.3900146484375,310.8599853515625,314.07000732421875,83398900
2020-06-18,287.3837585449219,311.7799987792969,312.29998779296875,309.510009765625,310.010009765625,80828700
2020-06-19,285.7414855957031,308.6400146484375,314.3800048828125,306.5299987792969,314.1700134277344,135549600
2020-06-22,287.5745544433594,310.6199951171875,311.04998779296875,306.75,307.989990234375,74649400
2020-06-23,288.89849853515625,312.04998779296875,314.5,311.6099853515625,313.489990234375,68471200
2020-06-24,281.52899169921875,304.0899963378906,310.510009765625,302.1000061035156,309.8399963378906,132813500
2020-06-25,284.54705810546875,307.3500061035156,307.6400146484375,301.2799987792969,303.4700012207031,89468000
2020-06-26,277.7886962890625,300.04998779296875,306.3900146484375,299.4200134277344,306.1600036621094,127961000
2020-06-29,281.8714904785156,304.4599914550781,304.6099853515625,298.92999267578125,301.4100036621094,79773300
2020-06-30,285.4822082519531,308.3599853515625,310.20001220703125,303.82000732421875,303.989990234375,113394800
2020-07-01,287.48199462890625,310.5199890136719,311.8900146484375,309.07000732421875,309.57000732421875,72396500
2020-07-02,289.0650634765625,312.2300109863281,315.70001220703125,311.510009765625,314.239990234375,69344200
2020-07-06,293.52740478515625,317.04998779296875,317.67999267578125,315.55999755859375,316.3699951171875,61713800
2020-07-07,290.5000915527344,313.7799987792969,317.5199890136719,313.3699951171875,315.3800048828125,82910000
2020-07-08,292.7219543457031,316.17999267578125,316.29998779296875,312.70001220703125,314.6099853515625,54638600
2020-07-09,291.05560302734375,314.3800048828125,317.1000061035156,310.67999267578125,316.8399963378906,83354200
2020-07-10,294.0273742675781,317.5899963378906,317.8800048828125,312.760009765625,314.30999755859375,57550400
2020-07-13,291.4814453125,314.8399963378906,322.7099914550781,314.1300048828125,320.1300048828125,102997500
2020-07-14,295.2587890625,318.9200134277344,319.760009765625,312.0,313.29998779296875,93657000
2020-07-15,297.9713439941406,321.8500061035156,323.0400085449219,319.2699890136719,322.4100036621094,87196500
2020-07-16,296.989990234375,320.7900085449219,321.2799987792969,319.0899963378906,319.7900085449219,54622500
2020-07-17,297.8510437011719,321.7200012207031,322.57000732421875,319.739990234375,321.8800048828125,62774900
2020-07-20,300.2581787109375,324.32000732421875,325.1300048828125,320.6199951171875,321.42999267578125,56308800
2020-07-21,300.8969421386719,325.010009765625,326.92999267578125,323.94000244140625,326.45001220703125,57292200
2020-07-22,302.60968017578125,326.8599853515625,327.20001220703125,324.5,324.6199951171875,57792900
2020-07-23,298.9989929199219,322.9599914550781,327.2300109863281,321.4800109863281,326.4700012207031,75738000
2020-07-24,297.0733337402344,320.8800048828125,321.989990234375,319.25,320.95001220703125,73766600
2020-07-27,299.2396240234375,323.2200012207031,323.4100036621094,320.7699890136719,321.6300048828125,48293000
2020-07-28,297.34185791015625,321.1700134277344,323.6400146484375,320.8500061035156,322.42999267578125,57495000
2020-07-29,300.9987487792969,325.1199951171875,325.7300109863281,322.0799865722656,322.1199951171875,48454200
2020-07-30,299.92486572265625,323.9599914550781,324.4100036621094,319.6400146484375,321.8999938964844,61861700
2020-07-31,302.2948913574219,326.5199890136719,326.6300048828125,321.3299865722656,325.8999938964844,84986800
2020-08-03,304.396484375,328.7900085449219,329.6199951171875,327.7300109863281,328.32000732421875,53077900
2020-08-04,305.57220458984375,330.05999755859375,330.05999755859375,327.8599853515625,327.8599853515625,41917900
2020-08-05,307.4701232910156,332.1099853515625,332.3900146484375,331.17999267578125,331.4700012207031,42697700
2020-08-06,309.525390625,334.3299865722656,334.4599914550781,331.1300048828125,331.4800109863281,43679400
2020-08-07,309.7476501464844,334.57000732421875,334.8800048828125,332.29998779296875,333.2799987792969,57308300
2020-08-10,310.6734313964844,335.57000732421875,335.7699890136719,332.9599914550781,335.05999755859375,44282100
2020-08-11,308.1089782714844,332.79998779296875,337.5400085449219,332.010009765625,336.8500061035156,69601100
2020-08-12,312.40472412109375,337.44000244140625,338.2799987792969,335.4100036621094,335.44000244140625,53774400
2020-08-13,311.8399353027344,336.8299865722656,338.25,335.8299865722656,336.6099853515625,41816100
2020-08-14,311.8491516113281,336.8399963378906,337.4200134277344,335.6199951171875,336.4100036621094,47260400
2020-08-17,312.8398742675781,337.9100036621094,338.3399963378906,336.8500061035156,337.94000244140625,35481000
2020-08-18,313.51568603515625,338.6400146484375,339.1000061035156,336.6099853515625,338.3399963378906,38733900
2020-08-19,312.21026611328125,337.2300109863281,339.6099853515625,336.6199951171875,339.04998779296875,68054200
2020-08-20,313.1824035644531,338.2799987792969,338.79998779296875,335.2200012207031,335.3599853515625,42207800
2020-08-21,314.2934265136719,339.4800109863281,339.7200012207031,337.54998779296875,337.9200134277344,55106600
2020-08-24,317.4781799316406,342.9200134277344,343.0,339.45001220703125,342.1199951171875,48588700
2020-08-25,318.5890808105469,344.1199951171875,344.2099914550781,342.2699890136719,343.5299987792969,38463400
2020-08-26,321.783203125,347.57000732421875,347.8599853515625,344.1700134277344,344.760009765625,50790200
2020-08-27,322.4867858886719,348.3299865722656,349.8999938964844,346.5299987792969,348.510009765625,58034100
2020-08-28,324.56976318359375,350.5799865722656,350.7200012207031,348.1499938964844,349.44000244140625,48588900
2020-08-31,323.39398193359375,349.30999755859375,351.29998779296875,349.05999755859375,350.3500061035156,66099200
2020-09-01,326.4399108886719,352.6000061035156,352.7099914550781,349.239990234375,350.2099914550781,54908700
2020-09-02,331.16156005859375,357.70001220703125,358.75,353.42999267578125,354.6700134277344,69540000
2020-09-03,319.7648010253906,345.3900146484375,356.3800048828125,342.5899963378906,355.8699951171875,148011100
2020-09-04,317.154052734375,342.57000732421875,347.8299865722656,334.8699951171875,346.1300048828125,139156300
2020-09-08,308.4884948730469,333.2099914550781,342.6400146484375,332.8800048828125,336.7099914550781,114465300
2020-09-09,314.580322265625,339.7900085449219,342.4599914550781,336.6099853515625,337.54998779296875,91462300
2020-09-10,309.1180725097656,333.8900146484375,342.5299987792969,332.8500061035156,341.82000732421875,90569500
2020-09-11,309.2755126953125,334.05999755859375,336.9700012207031,331.0,335.82000732421875,84680200
2020-09-14,313.34906005859375,338.4599914550781,340.3800048828125,334.2200012207031,337.489990234375,65605700
2020-09-15,314.9321594238281,340.1700134277344,342.0199890136719,338.4700012207031,341.1199951171875,52920900
2020-09-16,313.6823425292969,338.82000732421875,343.05999755859375,338.5199890136719,341.510009765625,82096000
2020-09-17,310.9233703613281,335.8399963378906,337.70001220703125,332.989990234375,333.55999755859375,91523300
2020-09-18,307.3438415527344,330.6499938964844,335.489990234375,327.9700012207031,335.3699951171875,105877900
2020-09-21,303.9232482910156,326.9700012207031,327.1300048828125,321.7300109863281,325.70001220703125,99450800
2020-09-22,307.0185852050781,330.29998779296875,330.8999938964844,325.8599853515625,328.57000732421875,63612100
2020-09-23,299.8984680175781,322.6400146484375,331.20001220703125,322.1000061035156,330.8999938964844,93112200
2020-09-24,300.6978454589844,323.5,326.79998779296875,319.79998779296875,321.2200012207031,76681300
2020-09-25,305.55914306640625,328.7300109863281,329.5799865722656,321.6400146484375,322.5799865722656,71069400
2020-09-28,310.63433837890625,334.19000244140625,334.9599914550781,332.1499938964844,333.2200012207031,64584600
2020-09-29,308.94268798828125,332.3699951171875,334.7699890136719,331.6199951171875,333.9700012207031,51304000
2020-09-30,311.2850341796875,334.8900146484375,338.2900085449219,332.8800048828125,333.0899963378906,104081100
2020-10-01,313.28350830078125,337.0400085449219,338.739990234375,335.010009765625,337.69000244140625,88698700
2020-10-02,310.30902099609375,333.8399963378906,337.010009765625,331.19000244140625,331.70001220703125,89431100
2020-10-05,315.81170654296875,339.760009765625,339.9599914550781,336.010009765625,336.05999755859375,45713100
2020-10-06,311.3221740722656,334.92999267578125,342.1700134277344,334.3800048828125,339.9100036621094,90128900
2020-10-07,316.74127197265625,340.760009765625,341.6300048828125,338.0899963378906,338.1199951171875,56999600
2020-10-08,319.54833984375,343.7799987792969,343.8500061035156,341.8599853515625,342.8500061035156,45242500
2020-10-09,322.4019775390625,346.8500061035156,347.3500061035156,344.8900146484375,345.55999755859375,59528600
2020-10-12,327.58868408203125,352.42999267578125,354.0199890136719,349.05999755859375,349.5899963378906,80388500
2020-10-13,325.4508361816406,350.1300048828125,352.4700012207031,349.0899963378906,352.2799987792969,73255500
2020-10-14,323.4058837890625,347.92999267578125,351.92999267578125,347.1400146484375,350.75,57727900
2020-10-15,323.0061340332031,347.5,348.0199890136719,343.1300048828125,343.7099914550781,60357700
2020-10-16,322.8109436035156,347.2900085449219,350.75,347.1000061035156,348.9599914550781,89501900
2020-10-19,317.90313720703125,342.010009765625,349.3299865722656,341.0400085449219,348.6499938964844,68425600
2020-10-20,319.17657470703125,343.3800048828125,346.8800048828125,342.6400146484375,343.4599914550781,60051900
2020-10-21,318.5723876953125,342.7300109863281,345.6700134277344,342.3999938964844,343.3299865722656,63575000
2020-10-22,320.3198547363281,344.6099853515625,345.239990234375,340.6499938964844,342.9599914550781,55399300
2020-10-23,321.4073791503906,345.7799987792969,345.989990234375,343.1300048828125,345.92999267578125,49143900
2020-10-26,315.4677429199219,339.3900146484375,342.9800109863281,335.6199951171875,342.1300048828125,91473000
2020-10-27,314.3802795410156,338.2200012207031,340.1199951171875,337.989990234375,339.760009765625,65994100
2020-10-28,303.63507080078125,326.6600036621094,338.25,326.1300048828125,332.1000061035156,127094300
2020-10-29,306.7210998535156,329.9800109863281,333.3999938964844,325.0899963378906,326.9100036621094,90597700
2020-10-30,303.5235290527344,326.5400085449219,329.69000244140625,322.6000061035156,328.2799987792969,120287300
2020-11-02,306.925537109375,330.20001220703125,332.3599853515625,327.239990234375,330.20001220703125,86068300
2020-11-03,312.34466552734375,336.0299987792969,338.25,330.2900085449219,333.69000244140625,93294200
2020-11-04,319.3252258300781,343.5400085449219,347.94000244140625,339.5899963378906,340.8599853515625,126959700
2020-11-05,325.55303955078125,350.239990234375,352.19000244140625,348.8599853515625,349.239990234375,82039700
2020-11-06,325.47869873046875,350.1600036621094,351.510009765625,347.6499938964844,349.92999267578125,74973000
2020-11-09,329.5685119628906,354.55999755859375,364.3800048828125,354.05999755859375,363.9700012207031,172304200
2020-11-10,329.0851745605469,354.0400085449219,355.17999267578125,350.510009765625,353.489990234375,85552000
2020-11-11,331.52978515625,356.6700134277344,357.55999755859375,355.05999755859375,356.3999938964844,58649000
2020-11-12,328.3136901855469,353.2099914550781,356.7200012207031,351.260009765625,355.5799865722656,67546200
2020-11-13,332.8589782714844,358.1000061035156,358.8999938964844,354.7099914550781,355.2699890136719,62892200
2020-11-16,337.0139465332031,362.57000732421875,362.7799987792969,359.5899963378906,360.9800109863281,74541100
2020-11-17,335.201416015625,360.6199951171875,361.9200134277344,358.3399963378906,359.9700012207031,66111000
2020-11-18,331.1673278808594,356.2799987792969,361.5,356.239990234375,360.9100036621094,70591300
2020-11-19,332.56158447265625,357.7799987792969,358.17999267578125,354.1499938964844,355.6000061035156,59940900
2020-11-20,330.2841796875,355.3299865722656,357.7200012207031,355.25,357.5,70417300
2020-11-23,332.2641296386719,357.4599914550781,358.82000732421875,354.8699951171875,357.2799987792969,63230600
2020-11-24,337.6181335449219,363.2200012207031,363.80999755859375,359.2900085449219,360.2099914550781,62415900
2020-11-25,337.09765625,362.6600036621094,363.1600036621094,361.4800109863281,363.1300048828125,45330900
2020-11-27,338.036376953125,363.6700134277344,364.17999267578125,362.5799865722656,363.8399963378906,28514100
2020-11-30,336.5398254394531,362.05999755859375,363.1199951171875,359.1700134277344,362.8299865722656,83872700
2020-12-01,340.2206726074219,366.0199890136719,367.67999267578125,364.92999267578125,365.57000732421875,74231400
2020-12-02,340.9364318847656,366.7900085449219,366.9599914550781,364.20001220703125,364.82000732421875,45927000
2020-12-03,340.843505859375,366.69000244140625,368.19000244140625,365.5,366.67999267578125,62882000
2020-12-04,343.78082275390625,369.8500061035156,369.8500061035156,367.2200012207031,367.32000732421875,50749900
2020-12-07,343.0743408203125,369.0899963378906,369.6199951171875,367.7200012207031,369.0199890136719,48944300
2020-12-08,344.0782775878906,370.1700134277344,370.7799987792969,367.6700134277344,367.7200012207031,42458900
2020-12-09,340.9922790527344,366.8500061035156,371.04998779296875,365.95001220703125,370.8800048828125,74098300
2020-12-10,340.88079833984375,366.7300109863281,367.8599853515625,364.42999267578125,365.3699951171875,57735400
2020-12-11,340.48101806640625,366.29998779296875,366.739990234375,363.260009765625,364.8999938964844,57698600
2020-12-14,338.9565734863281,364.6600036621094,369.79998779296875,364.4700012207031,368.6400146484375,69216200
2020-12-15,343.53912353515625,369.5899963378906,369.5899963378906,365.9200134277344,367.3999938964844,63865300
2020-12-16,344.0782775878906,370.1700134277344,371.1600036621094,368.8699951171875,369.82000732421875,58420500
2020-12-17,346.0023193359375,372.239990234375,372.4599914550781,371.04998779296875,371.94000244140625,64119500
2020-12-18,344.6208190917969,369.17999267578125,371.1499938964844,367.0199890136719,370.9700012207031,136542300
2020-12-21,343.3885498046875,367.8599853515625,378.4599914550781,362.0299987792969,364.9700012207031,96386700
2020-12-22,342.8097839355469,367.239990234375,368.3299865722656,366.0299987792969,368.2099914550781,47949000
2020-12-23,343.117919921875,367.57000732421875,369.6199951171875,367.2200012207031,368.2799987792969,46201400
2020-12-24,344.45269775390625,369.0,369.0299987792969,367.45001220703125,368.0799865722656,26457900
2020-12-28,347.411865234375,372.1700134277344,372.5899963378906,371.07000732421875,371.739990234375,39000400
2020-12-29,346.7491455078125,371.4599914550781,374.0,370.8299865722656,373.80999755859375,53680500
2020-12-30,347.2437744140625,371.989990234375,373.1000061035156,371.57000732421875,372.3399963378906,49455300
2020-12-31,349.00811767578125,373.8800048828125,374.6600036621094,371.2300109863281,371.7799987792969,78520700
2021-01-04,344.2567443847656,368.7900085449219,375.45001220703125,364.82000732421875,375.30999755859375,110210800
2021-01-05,346.6277770996094,371.3299865722656,372.5,368.04998779296875,368.1000061035156,66426200
2021-01-06,348.7000732421875,373.54998779296875,376.9800109863281,369.1199951171875,369.7099914550781,107997700
2021-01-07,353.88092041015625,379.1000061035156,379.8999938964844,375.9100036621094,376.1000061035156,68766800
2021-01-08,355.8971862792969,381.260009765625,381.489990234375,377.1000061035156,380.5899963378906,71677200
2021-01-11,353.4981384277344,378.69000244140625,380.5799865722656,377.7200012207031,377.8500061035156,51034700
2021-01-12,353.5727844238281,378.7699890136719,379.8599853515625,376.3599853515625,378.8900146484375,52547700
2021-01-13,354.5249938964844,379.7900085449219,380.8599853515625,377.8500061035156,378.69000244140625,45303600
2021-01-14,353.2834777832031,378.4599914550781,381.1300048828125,378.1000061035156,380.5899963378906,49989100
2021-01-15,350.7070617675781,375.70001220703125,377.5799865722656,373.70001220703125,376.7200012207031,107160000
2021-01-19,353.4608154296875,378.6499938964844,379.2300109863281,376.75,378.3399963378906,51233300
2021-01-20,358.3522644042969,383.8900146484375,384.7900085449219,380.69000244140625,381.1099853515625,61836100
2021-01-21,358.6790466308594,384.239990234375,384.95001220703125,383.25,384.489990234375,47840100
2021-01-22,357.409423828125,382.8800048828125,384.1300048828125,381.8399963378906,382.25,52860500
2021-01-25,358.8189697265625,384.3900146484375,384.7699890136719,378.4599914550781,383.6700134277344,70402000
2021-01-26,358.2588806152344,383.7900085449219,385.8500061035156,383.5400085449219,385.4100036621094,42665300
2021-01-27,349.5028991699219,374.4100036621094,380.32000732421875,372.010009765625,380.2200012207031,123351100
2021-01-28,352.5086975097656,377.6300048828125,381.92999267578125,375.8900146484375,376.3599853515625,94198100
2021-01-29,345.4516296386719,370.07000732421875,376.6700134277344,368.2699890136719,375.6300048828125,126765100
2021-02-01,351.2017822265625,376.2300109863281,377.3399963378906,370.3800048828125,373.7200012207031,75817600
2021-02-02,356.1678771972656,381.54998779296875,383.2200012207031,376.32000732421875,379.6499938964844,64450700
2021-02-03,356.4479675292969,381.8500061035156,383.70001220703125,380.4800109863281,382.44000244140625,52427100
2021-02-04,360.4991760253906,386.19000244140625,386.239990234375,381.9700012207031,382.9599914550781,47142600
2021-02-05,361.9181213378906,387.7099914550781,388.4700012207031,386.1400146484375,388.20001220703125,48669800
2021-02-08,364.5318298339844,390.510009765625,390.55999755859375,388.3500061035156,389.2699890136719,38365200
2021-02-09,364.2891845703125,390.25,390.8900146484375,389.1700134277344,389.6099853515625,35551100
2021-02-10,364.1304626464844,390.0799865722656,392.2799987792969,387.5,392.1199951171875,59154400
2021-02-11,364.7185363769531,390.7099914550781,391.69000244140625,388.1000061035156,391.239990234375,42913300
2021-02-12,366.5201416015625,392.6400146484375,392.8999938964844,389.7699890136719,389.8500061035156,50593300
2021-02-16,366.2027587890625,392.29998779296875,394.1700134277344,391.5299987792969,393.9599914550781,50972400
2021-02-17,366.2867736816406,392.3900146484375,392.6600036621094,389.3299865722656,390.4200134277344,52290600
2021-02-18,364.7279052734375,390.7200012207031,391.5199890136719,387.739990234375,389.5899963378906,59712800
2021-02-19,364.0837097167969,390.0299987792969,392.3800048828125,389.54998779296875,392.07000732421875,83241000
2021-02-22,361.28326416015625,387.0299987792969,389.6199951171875,386.739990234375,387.05999755859375,67414200
2021-02-23,361.72210693359375,387.5,388.95001220703125,380.20001220703125,384.6600036621094,107284100
2021-02-24,365.7079772949219,391.7699890136719,392.2300109863281,385.2699890136719,386.3299865722656,72433900
2021-02-25,356.89593505859375,382.3299865722656,391.8800048828125,380.7799987792969,390.4100036621094,146670500
2021-02-26,355.0570983886719,380.3599853515625,385.5799865722656,378.2300109863281,384.3500061035156,152701600
2021-03-01,363.6637268066406,389.5799865722656,390.9200134277344,380.57000732421875,385.5899963378906,105348800
2021-03-02,360.82598876953125,386.5400085449219,390.07000732421875,386.0,389.82000732421875,79595300
2021-03-03,356.0465087890625,381.4200134277344,386.8299865722656,381.30999755859375,385.7900085449219,119940200
2021-03-04,351.6405029296875,376.70001220703125,384.0,371.8800048828125,381.2200012207031,183433000
2021-03-05,358.1095275878906,383.6300048828125,384.760009765625,372.6400146484375,380.4599914550781,152039600
2021-03-08,356.3265686035156,381.7200012207031,387.67999267578125,381.4200134277344,384.6600036621094,123149200
2021-03-09,361.4140319824219,387.1700134277344,389.9100036621094,385.30999755859375,385.8500061035156,113633600
2021-03-10,363.6637268066406,389.5799865722656,391.3999938964844,388.1700134277344,389.69000244140625,109899400
2021-03-11,367.3509521484375,393.5299987792969,395.6499938964844,391.739990234375,392.2300109863281,86245000
2021-03-12,367.8456726074219,394.05999755859375,394.2099914550781,391.20001220703125,392.07000732421875,64653600
2021-03-15,370.0393981933594,396.4100036621094,396.69000244140625,392.0299987792969,394.3299865722656,73427200
2021-03-16,369.5726013183594,395.9100036621094,397.8299865722656,395.0799865722656,397.07000732421875,73722500
2021-03-17,370.8327941894531,397.260009765625,398.1199951171875,393.29998779296875,394.5299987792969,97959300
2021-03-18,365.43731689453125,391.4800109863281,396.7200012207031,390.75,394.4800109863281,115349100
2021-03-19,364.76116943359375,389.4800109863281,391.57000732421875,387.1499938964844,389.8800048828125,113624500
2021-03-22,367.67376708984375,392.5899963378906,394.07000732421875,389.9700012207031,390.0299987792969,73778600
2021-03-23,364.77984619140625,389.5,393.4599914550781,388.6600036621094,391.9100036621094,90686600
2021-03-24,362.9255065917969,387.5199890136719,392.75,387.4700012207031,391.0,97588600
2021-03-25,364.9671630859375,389.70001220703125,390.54998779296875,383.8999938964844,385.9800109863281,116128600
2021-03-26,370.84869384765625,395.9800109863281,396.4100036621094,390.2900085449219,390.92999267578125,114409100
2021-03-29,370.6612854003906,395.7799987792969,396.75,392.80999755859375,394.3999938964844,108107600
2021-03-30,369.6779479980469,394.7300109863281,395.45001220703125,393.0199890136719,394.4200134277344,76262200
2021-03-31,371.1763610839844,396.3299865722656,398.0,395.30999755859375,395.3399963378906,112734200
2021-04-01,375.184814453125,400.6099853515625,400.6700134277344,398.17999267578125,398.3999938964844,99682900
2021-04-05,380.56982421875,406.3599853515625,406.94000244140625,403.3800048828125,403.4599914550781,91684800
2021-04-06,380.3450622558594,406.1199951171875,407.239990234375,405.3999938964844,405.760009765625,62021000
2021-04-07,380.7851867675781,406.5899963378906,406.9599914550781,405.45001220703125,405.94000244140625,55836300
2021-04-08,382.5927429199219,408.5199890136719,408.5799865722656,406.92999267578125,407.92999267578125,57863100
2021-04-09,385.3742370605469,411.489990234375,411.6700134277344,408.260009765625,408.3900146484375,61104600
2021-04-12,385.5147399902344,411.6400146484375,411.92999267578125,410.20001220703125,410.8500061035156,56704900
2021-04-13,386.6573181152344,412.8599853515625,413.5299987792969,411.1199951171875,411.5299987792969,56551000
2021-04-14,385.3368225097656,411.45001220703125,413.9599914550781,410.8699951171875,412.8299865722656,61659900
2021-04-15,389.47625732421875,415.8699951171875,416.1600036621094,413.69000244140625,413.739990234375,60229800
2021-04-16,390.7780456542969,417.260009765625,417.9100036621094,415.7300109863281,417.25,82037300
2021-04-19,388.8580627441406,415.2099914550781,416.739990234375,413.7900085449219,416.260009765625,78498500
2021-04-20,386.0110778808594,412.1700134277344,415.0899963378906,410.5899963378906,413.9100036621094,81851800
2021-04-21,389.66357421875,416.07000732421875,416.2900085449219,411.3599853515625,411.510009765625,66793000
2021-04-22,386.10479736328125,412.2699890136719,416.7799987792969,411.1300048828125,415.8900146484375,97582800
2021-04-23,390.2911071777344,416.739990234375,418.25,412.7900085449219,412.8699951171875,73209200
2021-04-26,391.1058044433594,417.6099853515625,418.2200012207031,416.80999755859375,417.44000244140625,52182400
2021-04-27,391.021484375,417.5199890136719,418.1400146484375,416.29998779296875,417.92999267578125,51303100
2021-04-28,390.9091491699219,417.3999938964844,419.010009765625,416.8999938964844,417.80999755859375,51238900
2021-04-29,393.40032958984375,420.05999755859375,420.7200012207031,416.44000244140625,420.32000732421875,78544300
2021-04-30,390.8155517578125,417.29998779296875,418.5400085449219,416.3399963378906,417.6300048828125,85527000
2021-05-03,391.6584777832031,418.20001220703125,419.8399963378906,417.6700134277344,419.42999267578125,68128300
2021-05-04,389.24212646484375,415.6199951171875,416.6000061035156,411.6700134277344,416.07000732421875,101591200
2021-05-05,389.36383056640625,415.75,417.6300048828125,415.1499938964844,417.3800048828125,60162200
2021-05-06,392.47314453125,419.07000732421875,419.2099914550781,413.67999267578125,415.8299865722656,74321400
2021-05-07,395.3296203613281,422.1199951171875,422.82000732421875,419.1600036621094,419.8900146484375,67733800
2021-05-10,391.4149475097656,417.94000244140625,422.739990234375,417.80999755859375,422.5,81852400
2021-05-11,387.9216003417969,414.2099914550781,415.2699890136719,410.05999755859375,413.1000061035156,116888000
2021-05-12,379.6800842285156,405.4100036621094,412.5899963378906,404.0,411.2300109863281,134811000
2021-05-13,384.2409362792969,410.2799987792969,412.3500061035156,407.0199890136719,407.07000732421875,106394000
2021-05-14,390.1412048339844,416.5799865722656,417.489990234375,413.17999267578125,413.2099914550781,82201600
2021-05-17,389.1484680175781,415.5199890136719,416.3900146484375,413.3599853515625,415.3900146484375,65129200
2021-05-18,385.7956848144531,411.94000244140625,416.05999755859375,411.7699890136719,415.79998779296875,59810200
2021-05-19,384.7842102050781,410.8599853515625,411.04998779296875,405.3299865722656,406.9200134277344,106467100
2021-05-20,388.9236755371094,415.2799987792969,416.6300048828125,411.6700134277344,411.79998779296875,78022200
2021-05-21,388.60528564453125,414.94000244140625,418.20001220703125,414.45001220703125,416.8699951171875,76578700
2021-05-24,392.56683349609375,419.1700134277344,420.32000732421875,417.0799865722656,417.3399963378906,51376700
2021-05-25,391.6958923339844,418.239990234375,420.7099914550781,417.6199951171875,420.3299865722656,57451400
2021-05-26,392.47314453125,419.07000732421875,419.6099853515625,417.760009765625,418.8699951171875,43088600
2021-05-27,392.6791687011719,419.2900085449219,420.7200012207031,418.989990234375,420.1700134277344,56707700
2021-05-28,393.3816223144531,420.0400085449219,421.25,419.7900085449219,420.9700012207031,58520200
2021-06-01,393.0351257324219,419.6700134277344,422.7200012207031,419.20001220703125,422.57000732421875,54216600
2021-06-02,393.65313720703125,420.3299865722656,421.2300109863281,419.2900085449219,420.3699951171875,49097100
2021-06-03,392.19219970703125,418.7699890136719,419.989990234375,416.2799987792969,417.8500061035156,58138800
2021-06-04,395.7791442871094,422.6000061035156,422.9200134277344,418.8399963378906,420.75,55938800
2021-06-07,395.39520263671875,422.19000244140625,422.7799987792969,421.19000244140625,422.5899963378906,51555000
2021-06-08,395.4794616699219,422.2799987792969,423.2099914550781,420.32000732421875,423.1099853515625,47134300
2021-06-09,394.88946533203125,421.6499938964844,423.260009765625,421.4100036621094,423.17999267578125,48436300
2021-06-10,396.7250061035156,423.6099853515625,424.6300048828125,421.54998779296875,422.9599914550781,51020100
2021-06-11,397.3806457519531,424.30999755859375,424.42999267578125,422.82000732421875,424.20001220703125,45570800
2021-06-14,398.2702941894531,425.260009765625,425.3699951171875,423.1000061035156,424.42999267578125,42358500
2021-06-15,397.5398254394531,424.4800109863281,425.4599914550781,423.5400085449219,425.4200134277344,51508500
2021-06-16,395.3201904296875,422.1099853515625,424.8699951171875,419.9200134277344,424.6300048828125,80386100
2021-06-17,395.1890869140625,421.9700012207031,423.0199890136719,419.32000732421875,421.6700134277344,90949700
2021-06-18,389.8578796386719,414.9200134277344,417.8299865722656,414.70001220703125,417.0899963378906,118676300
2021-06-21,395.4390563964844,420.8599853515625,421.05999755859375,415.92999267578125,416.79998779296875,72822000
2021-06-22,397.5531005859375,423.1099853515625,424.0,420.0799865722656,420.8500061035156,57700300
2021-06-23,397.073974609375,422.6000061035156,424.04998779296875,422.510009765625,423.19000244140625,49445400
2021-06-24,399.42291259765625,425.1000061035156,425.54998779296875,424.6199951171875,424.8900146484375,45110300
2021-06-25,400.8417053222656,426.6099853515625,427.0899963378906,425.54998779296875,425.8999938964844,58129500
2021-06-28,401.6498107910156,427.4700012207031,427.6499938964844,425.8900146484375,427.1700134277344,53159600
2021-06-29,401.86590576171875,427.70001220703125,428.55999755859375,427.1300048828125,427.8800048828125,35970500
2021-06-30,402.2040710449219,428.05999755859375,428.7799987792969,427.17999267578125,427.2099914550781,64827900
2021-07-01,404.4309997558594,430.42999267578125,430.6000061035156,428.79998779296875,428.8699951171875,53441000
2021-07-02,407.5223083496094,433.7200012207031,434.1000061035156,430.5199890136719,431.6700134277344,57697700
2021-07-06,406.7799987792969,432.92999267578125,434.010009765625,430.010009765625,433.7799987792969,68710400
2021-07-07,408.21759033203125,434.4599914550781,434.760009765625,431.510009765625,433.6600036621094,63549500
2021-07-08,404.89141845703125,430.9200134277344,431.7300109863281,427.5199890136719,428.7799987792969,97595200
2021-07-09,409.2135009765625,435.5199890136719,435.8399963378906,430.7099914550781,432.5299987792969,76238600
2021-07-12,410.67926025390625,437.0799865722656,437.3500061035156,434.9700012207031,435.42999267578125,52889600
2021-07-13,409.2793273925781,435.5899963378906,437.8399963378906,435.30999755859375,436.239990234375,52911300
2021-07-14,409.89007568359375,436.239990234375,437.9200134277344,434.9100036621094,437.3999938964844,64130400
2021-07-15,408.49005126953125,434.75,435.5299987792969,432.7200012207031,434.80999755859375,55126400
2021-07-16,405.2860107421875,431.3399963378906,436.05999755859375,430.9200134277344,436.010009765625,75874700
2021-07-19,399.3008117675781,424.9700012207031,431.4100036621094,421.9700012207031,426.19000244140625,147987000
2021-07-20,405.0229187011719,431.05999755859375,432.4200134277344,424.8299865722656,425.67999267578125,99608200
2021-07-21,408.3020935058594,434.54998779296875,434.70001220703125,431.010009765625,432.3399963378906,64724400
2021-07-22,409.15716552734375,435.4599914550781,435.7200012207031,433.69000244140625,434.739990234375,47878500
2021-07-23,413.36663818359375,439.94000244140625,440.29998779296875,436.7900085449219,437.5199890136719,63766600
2021-07-26,414.38140869140625,441.0199890136719,441.0299987792969,439.260009765625,439.30999755859375,43719200
2021-07-27,412.49273681640625,439.010009765625,439.94000244140625,435.989990234375,439.9100036621094,67397100
2021-07-28,412.3236083984375,438.8299865722656,440.29998779296875,437.30999755859375,439.67999267578125,52472400
2021-07-29,414.03369140625,440.6499938964844,441.79998779296875,439.80999755859375,439.82000732421875,47435300
2021-07-30,412.0229797363281,438.510009765625,440.05999755859375,437.7699890136719,437.9100036621094,68951200
2021-08-02,411.1584777832031,437.5899963378906,440.92999267578125,437.2099914550781,440.3399963378906,58783300
2021-08-03,414.5035400390625,441.1499938964844,441.2799987792969,436.1000061035156,438.44000244140625,58053900
2021-08-04,412.464599609375,438.9800109863281,441.1199951171875,438.7300109863281,439.7799987792969,46732200
2021-08-05,415.07659912109375,441.760009765625,441.8500061035156,439.8800048828125,440.2200012207031,38969700
2021-08-06,415.7625732421875,442.489990234375,442.94000244140625,441.79998779296875,442.1000061035156,46930000
2021-08-09,415.4243469238281,442.1300048828125,442.79998779296875,441.30999755859375,442.4599914550781,41222600
2021-08-10,415.9410400390625,442.67999267578125,443.44000244140625,441.8800048828125,442.6099853515625,43339300
2021-08-11,416.974609375,443.7799987792969,443.8800048828125,442.6199951171875,443.82000732421875,44034300
2021-08-12,418.22430419921875,445.1099853515625,445.260009765625,442.6600036621094,443.6199951171875,38909400
2021-08-13,418.98541259765625,445.9200134277344,445.94000244140625,445.07000732421875,445.5899963378906,39470300
2021-08-16,419.9719543457031,446.9700012207031,447.1099853515625,442.8699951171875,444.5299987792969,73740000
2021-08-17,417.21893310546875,444.0400085449219,444.9599914550781,440.8500061035156,444.239990234375,92673900
2021-08-18,412.65252685546875,439.17999267578125,444.6300048828125,438.9200134277344,442.9599914550781,89351900
2021-08-19,413.2914123535156,439.8599853515625,441.1400146484375,436.1199951171875,436.2699890136719,92812200
2021-08-20,416.5799865722656,443.3599853515625,443.7099914550781,439.7099914550781,440.2300109863281,72008700
2021-08-23,420.2444763183594,447.260009765625,448.2300109863281,443.44000244140625,445.1600036621094,54973000
2021-08-24,420.91156005859375,447.9700012207031,448.5400085449219,447.4200134277344,447.9700012207031,38744700
2021-08-25,421.79473876953125,448.9100036621094,449.4599914550781,447.7699890136719,448.1700134277344,40529700
2021-08-26,419.3049011230469,446.260009765625,448.8599853515625,446.1600036621094,448.6099853515625,57829600
2021-08-27,423.0539245605469,450.25,450.6499938964844,447.05999755859375,447.1199951171875,77235100
2021-08-30,424.91424560546875,452.2300109863281,453.07000732421875,450.7099914550781,450.9700012207031,48357400
2021-08-31,424.2846984863281,451.55999755859375,452.489990234375,450.9200134277344,452.1300048828125,59300200
2021-09-01,424.5102233886719,451.79998779296875,453.1099853515625,451.54998779296875,452.55999755859375,48721400
2021-09-02,425.8162536621094,453.19000244140625,454.04998779296875,451.9100036621094,453.32000732421875,42501000
2021-09-03,425.712890625,453.0799865722656,453.6300048828125,451.54998779296875,451.9800109863281,47170500
2021-09-07,424.1907043457031,451.4599914550781,452.80999755859375,450.739990234375,452.7099914550781,51671500
2021-09-08,423.67388916015625,450.9100036621094,451.6700134277344,448.8599853515625,450.8900146484375,56181900
2021-09-09,421.8605041503906,448.9800109863281,452.57000732421875,448.7200012207031,450.70001220703125,57970400
2021-09-10,418.534423828125,445.44000244140625,451.489990234375,445.30999755859375,451.0400085449219,89948200
2021-09-13,419.6054382324219,446.5799865722656,448.9200134277344,444.1099853515625,448.6400146484375,83738600
2021-09-14,417.3411560058594,444.1700134277344,448.3399963378906,443.2200012207031,448.1199951171875,78197100
2021-09-15,420.82696533203125,447.8800048828125,448.4100036621094,443.44000244140625,444.6199951171875,78792200
2021-09-16,420.15985107421875,447.1700134277344,448.3599853515625,444.0199890136719,447.32000732421875,77786700
2021-09-17,416.0671081542969,441.3999938964844,445.3699951171875,441.0199890136719,444.9200134277344,118425000
2021-09-20,409.1294860839844,434.0400085449219,436.55999755859375,428.8599853515625,434.8800048828125,166445500
2021-09-21,408.7430419921875,433.6300048828125,437.9100036621094,433.07000732421875,436.5299987792969,92526100
2021-09-22,412.73016357421875,437.8599853515625,440.0299987792969,433.75,436.04998779296875,102350100
2021-09-23,417.7449035644531,443.17999267578125,444.8900146484375,439.6000061035156,439.8500061035156,76396000
2021-09-24,418.4329833984375,443.9100036621094,444.6700134277344,441.2099914550781,441.44000244140625,62094800
2021-09-27,417.2359924316406,442.6400146484375,444.04998779296875,441.8999938964844,442.80999755859375,61371100
2021-09-28,408.8279113769531,433.7200012207031,440.0400085449219,432.94000244140625,439.69000244140625,130436300
2021-09-29,409.5159912109375,434.45001220703125,437.0400085449219,433.8500061035156,435.19000244140625,82329200
2021-09-30,404.5107421875,429.1400146484375,436.7699890136719,428.7799987792969,436.0199890136719,140506000
2021-10-01,409.3179931640625,434.239990234375,436.0299987792969,427.2300109863281,430.9800109863281,129240100
2021-10-04,404.0394287109375,428.6400146484375,433.9599914550781,426.3599853515625,433.0,128570000
2021-10-05,408.243408203125,433.1000061035156,435.489990234375,429.3900146484375,430.239990234375,90682500
2021-10-06,409.9401550292969,434.8999938964844,435.1199951171875,427.5400085449219,429.2699890136719,113032200
2021-10-07,413.4844055175781,438.6600036621094,441.67999267578125,438.20001220703125,438.3900146484375,72437500
2021-10-08,412.73016357421875,437.8599853515625,439.8900146484375,437.19000244140625,439.4800109863281,74557400
2021-10-11,409.7421569824219,434.69000244140625,440.260009765625,434.6199951171875,437.1600036621094,65233300
2021-10-12,408.7336120605469,433.6199951171875,436.1000061035156,432.7799987792969,435.6700134277344,71181200
2021-10-13,410.20404052734375,435.17999267578125,436.04998779296875,431.5400085449219,434.7099914550781,72974000
2021-10-14,417.10394287109375,442.5,442.6600036621094,438.5799865722656,439.0799865722656,70236800
2021-10-15,420.2805480957031,445.8699951171875,446.260009765625,444.0899963378906,444.75,66260200
2021-10-18,421.5247802734375,447.19000244140625,447.54998779296875,443.2699890136719,443.9700012207031,62213200
2021-10-19,424.7767333984375,450.6400146484375,450.7099914550781,448.2699890136719,448.9200134277344,46996800
2021-10-20,426.4451904296875,452.4100036621094,452.7300109863281,451.010009765625,451.1300048828125,49571600
2021-10-21,427.5574951171875,453.5899963378906,453.8299865722656,451.30999755859375,451.7699890136719,41305400
2021-10-22,427.11444091796875,453.1199951171875,454.6700134277344,451.04998779296875,453.1300048828125,58845100
2021-10-25,429.40496826171875,455.54998779296875,455.8999938964844,452.3900146484375,454.2799987792969,45214500
2021-10-26,429.79144287109375,455.9599914550781,458.489990234375,455.55999755859375,457.20001220703125,56075100
2021-10-27,427.8873596191406,453.94000244140625,457.1600036621094,453.8599853515625,456.45001220703125,72438000
2021-10-28,432.0159912109375,458.32000732421875,458.3999938964844,455.45001220703125,455.4599914550781,51437900
2021-10-29,432.892578125,459.25,459.55999755859375,455.55999755859375,455.8699951171875,70162400
2021-11-01,433.6372375488281,460.0400085449219,460.70001220703125,458.20001220703125,460.29998779296875,48433600
2021-11-02,435.3905029296875,461.8999938964844,462.2300109863281,460.0799865722656,460.2200012207031,48908400
2021-11-03,438.0487060546875,464.7200012207031,465.1499938964844,460.8299865722656,461.29998779296875,52509800
2021-11-04,440.11297607421875,466.9100036621094,467.0,464.989990234375,465.3599853515625,52847100
2021-11-05,441.6400451660156,468.5299987792969,470.6499938964844,466.9200134277344,469.2799987792969,66390600
2021-11-08,442.0170593261719,468.92999267578125,470.2300109863281,468.20001220703125,469.70001220703125,50405200
2021-11-09,440.5559997558594,467.3800048828125,469.57000732421875,465.8800048828125,469.32000732421875,51149100
2021-11-10,437.0118103027344,463.6199951171875,467.3800048828125,462.0400085449219,465.5799865722656,69429700
2021-11-11,437.1531677246094,463.7699890136719,465.2900085449219,463.75,465.2099914550781,34848500
2021-11-12,440.45233154296875,467.2699890136719,467.8599853515625,464.1099853515625,465.1199951171875,53466700
2021-11-15,440.6031188964844,467.42999267578125,468.80999755859375,466.2300109863281,468.6400146484375,46980500
2021-11-16,442.34698486328125,469.2799987792969,470.489990234375,467.07000732421875,467.1499938964844,48857500
2021-11-17,441.2724609375,468.1400146484375,469.19000244140625,467.4800109863281,469.0,47858300
2021-11-18,442.77117919921875,469.7300109863281,470.010009765625,466.3399963378906,469.239990234375,50625600
2021-11-19,441.9794006347656,468.8900146484375,470.94000244140625,468.5,469.6099853515625,57315600
2021-11-22,440.7351989746094,467.57000732421875,473.5400085449219,467.3500061035156,470.8900146484375,72762000
2021-11-23,441.3195495605469,468.19000244140625,469.1000061035156,464.45001220703125,467.2200012207031,73206500
2021-11-24,442.497802734375,469.44000244140625,469.57000732421875,465.19000244140625,466.05999755859375,61858800
2021-11-26,432.62872314453125,458.9700012207031,463.8999938964844,457.7699890136719,462.3399963378906,112669600
2021-11-29,437.93560791015625,464.6000061035156,466.55999755859375,461.7300109863281,464.07000732421875,86268800
2021-11-30,429.4144592285156,455.55999755859375,464.0299987792969,455.29998779296875,462.0,148559600
2021-12-01,424.6448669433594,450.5,464.6700134277344,450.2900085449219,461.6400146484375,131939200
2021-12-02,431.1487731933594,457.3999938964844,459.07000732421875,450.30999755859375,450.7300109863281,127637800
2021-12-03,427.39727783203125,453.4200134277344,460.29998779296875,448.9200134277344,459.1700134277344,137331600
2021-12-06,432.4591064453125,458.7900085449219,460.7900085449219,453.55999755859375,456.1300048828125,98977500
2021-12-07,441.4044189453125,468.2799987792969,468.8800048828125,458.6499938964844,464.4100036621094,95484700
2021-12-08,442.5731506347656,469.5199890136719,470.0,466.8299865722656,468.70001220703125,72238800
2021-12-09,439.5851135253906,466.3500061035156,469.6300048828125,466.1400146484375,468.1499938964844,61272600
2021-12-10,443.7231140136719,470.739990234375,470.8999938964844,466.510009765625,469.2300109863281,77159800
2021-12-13,439.7925109863281,466.57000732421875,470.55999755859375,466.2699890136719,470.19000244140625,87724700
2021-12-14,436.7666931152344,463.3599853515625,465.739990234375,460.25,463.0899963378906,97264100
2021-12-15,443.59124755859375,470.6000061035156,470.8599853515625,460.739990234375,463.4200134277344,116899300
2021-12-16,439.6794738769531,466.45001220703125,472.8699951171875,464.79998779296875,472.57000732421875,116568600
2021-12-17,434.99993896484375,459.8699951171875,464.739990234375,458.05999755859375,461.54998779296875,135511600
2021-12-20,430.3743591308594,454.9800109863281,455.3999938964844,451.1400146484375,454.4800109863281,107134800
2021-12-21,438.0174865722656,463.05999755859375,463.2099914550781,456.30999755859375,458.6099853515625,69806300
2021-12-22,442.3970031738281,467.69000244140625,467.80999755859375,462.5799865722656,462.7900085449219,58890200
2021-12-23,445.1496887207031,470.6000061035156,472.19000244140625,468.6400146484375,468.75,56439700
2021-12-27,451.4494934082031,477.260009765625,477.30999755859375,472.010009765625,472.05999755859375,56808600
2021-12-28,451.0805358886719,476.8699951171875,478.80999755859375,476.05999755859375,477.7200012207031,47274600
2021-12-29,451.6575622558594,477.4800109863281,478.55999755859375,475.9200134277344,476.9800109863281,54503000
2021-12-30,450.40899658203125,476.1600036621094,479.0,475.6700134277344,477.92999267578125,55329000
2021-12-31,449.27392578125,474.9599914550781,476.8599853515625,474.6700134277344,475.6400146484375,65237400
2022-01-03,451.8751525878906,477.7099914550781,477.8500061035156,473.8500061035156,476.29998779296875,72668200
2022-01-04,451.7238464355469,477.54998779296875,479.9800109863281,475.5799865722656,479.2200012207031,71178700
2022-01-05,443.0497741699219,468.3800048828125,477.9800109863281,468.2799987792969,477.1600036621094,104538900
2022-01-06,442.6335144042969,467.94000244140625,470.82000732421875,465.42999267578125,467.8900146484375,86858900
2022-01-07,440.88360595703125,466.0899963378906,469.20001220703125,464.6499938964844,467.95001220703125,85111600
2022-01-10,440.3349304199219,465.510009765625,465.739990234375,456.6000061035156,462.70001220703125,119362000
2022-01-11,444.345703125,469.75,469.8500061035156,462.04998779296875,465.2300109863281,74303100
2022-01-12,445.5469055175781,471.0199890136719,473.20001220703125,468.94000244140625,471.5899963378906,67605400
2022-01-13,439.40789794921875,464.5299987792969,472.8800048828125,463.44000244140625,472.19000244140625,91173100
2022-01-14,439.5876770019531,464.7200012207031,465.0899963378906,459.8999938964844,461.19000244140625,95890900
2022-01-18,431.802734375,456.489990234375,459.9599914550781,455.30999755859375,459.739990234375,109709100
2022-01-19,427.3190612792969,451.75,459.6099853515625,451.4599914550781,458.1300048828125,109357600
2022-01-20,422.5894775390625,446.75,458.739990234375,444.5,453.75,122379700
2022-01-21,414.2937927246094,437.9800109863281,448.05999755859375,437.95001220703125,445.55999755859375,202271200
2022-01-24,416.05316162109375,439.8399963378906,440.3800048828125,420.760009765625,432.0299987792969,251783900
2022-01-25,410.9736328125,434.4700012207031,439.7200012207031,427.1499938964844,433.05999755859375,167997300
2022-01-26,409.9426574707031,433.3800048828125,444.0400085449219,428.8599853515625,440.7200012207031,186391100
2022-01-27,407.91827392578125,431.239990234375,441.5899963378906,429.45001220703125,438.260009765625,149878300
2022-01-28,418.0491027832031,441.95001220703125,442.0,427.82000732421875,432.67999267578125,164457400
2022-01-31,425.57861328125,449.9100036621094,450.2799987792969,439.80999755859375,441.239990234375,152251400
2022-02-01,428.4541931152344,452.95001220703125,453.6300048828125,446.94000244140625,450.67999267578125,123155400
2022-02-02,432.6161804199219,457.3500061035156,458.1199951171875,453.04998779296875,455.5,117361000
2022-02-03,422.4476013183594,446.6000061035156,452.9700012207031,445.7099914550781,450.95001220703125,118024400
2022-02-04,424.43402099609375,448.70001220703125,452.7799987792969,443.8299865722656,446.3500061035156,118454400
2022-02-07,423.0718994140625,447.260009765625,450.989990234375,445.8500061035156,449.510009765625,84472900
2022-02-08,426.5528869628906,450.94000244140625,451.9200134277344,445.2200012207031,446.7300109863281,81012000
2022-02-09,432.7959289550781,457.5400085449219,457.8800048828125,455.010009765625,455.2200012207031,92589900
2022-02-10,425.0204772949219,449.32000732421875,457.7099914550781,447.20001220703125,451.3399963378906,140103700
2022-02-11,416.63958740234375,440.4599914550781,451.6099853515625,438.94000244140625,449.4100036621094,153214600
2022-02-14,415.27752685546875,439.0199890136719,441.6000061035156,435.3399963378906,439.9200134277344,123006300
2022-02-15,421.9746398925781,446.1000061035156,446.2799987792969,443.17999267578125,443.7300109863281,88482700
2022-02-16,422.4476013183594,446.6000061035156,448.05999755859375,441.94000244140625,443.92999267578125,84863600
2022-02-17,413.4234924316406,437.05999755859375,446.57000732421875,436.4200134277344,443.2200012207031,102259100
2022-02-18,410.74658203125,434.2300109863281,438.6600036621094,431.82000732421875,437.3299865722656,132642900
2022-02-22,406.338623046875,429.57000732421875,435.5,425.8599853515625,431.8900146484375,124391800
2022-02-23,399.1307373046875,421.95001220703125,433.260009765625,421.3500061035156,432.6600036621094,132578000
2022-02-24,405.13726806640625,428.29998779296875,428.760009765625,410.6400146484375,411.0199890136719,213942900
2022-02-25,414.0761413574219,437.75,437.8399963378906,427.8599853515625,429.6099853515625,121804500
2022-02-28,413.01678466796875,436.6300048828125,438.20001220703125,430.70001220703125,432.0299987792969,145615000
2022-03-01,406.72650146484375,429.9800109863281,437.1700134277344,427.1099853515625,435.0400085449219,137785900
2022-03-02,414.2086486816406,437.8900146484375,439.7200012207031,431.57000732421875,432.3699951171875,117726500
2022-03-03,412.14654541015625,435.7099914550781,441.1099853515625,433.79998779296875,440.4700012207031,105501700
2022-03-04,408.79803466796875,432.1700134277344,433.3699951171875,427.8800048828125,431.75,113978200
2022-03-07,396.74700927734375,419.42999267578125,432.29998779296875,419.3599853515625,431.54998779296875,137896600
2022-03-08,393.73895263671875,416.25,427.2099914550781,415.1199951171875,419.6199951171875,164772700
2022-03-09,404.29547119140625,427.4100036621094,429.510009765625,422.82000732421875,425.1400146484375,116990800
2022-03-10,402.4698181152344,425.4800109863281,426.42999267578125,420.44000244140625,422.5199890136719,93972700
2022-03-11,397.3523864746094,420.07000732421875,428.7699890136719,419.5299987792969,428.1199951171875,95636300
2022-03-14,394.4483642578125,417.0,424.54998779296875,415.7900085449219,420.8900146484375,95729200
2022-03-15,403.12249755859375,426.1700134277344,426.8399963378906,418.4200134277344,419.7699890136719,106219100
2022-03-16,412.06146240234375,435.6199951171875,435.67999267578125,424.79998779296875,429.8900146484375,144954800
2022-03-17,417.2166748046875,441.07000732421875,441.07000732421875,433.19000244140625,433.5899963378906,102676900
2022-03-18,421.786376953125,444.5199890136719,444.8599853515625,437.2200012207031,438.0,106345500
2022-03-21,421.66302490234375,444.3900146484375,446.4599914550781,440.67999267578125,444.3399963378906,88349800
2022-03-22,426.5970764160156,449.5899963378906,450.5799865722656,445.8599853515625,445.8599853515625,74650400
2022-03-23,421.1031188964844,443.79998779296875,448.489990234375,443.7099914550781,446.9100036621094,79426100
2022-03-24,427.4510803222656,450.489990234375,450.5,444.760009765625,445.94000244140625,64736900
2022-03-25,429.5385437011719,452.69000244140625,452.9800109863281,448.42999267578125,451.1600036621094,77101300
2022-03-28,432.5938720703125,455.9100036621094,455.9100036621094,450.05999755859375,452.05999755859375,68529800
2022-03-29,437.9454040527344,461.54998779296875,462.07000732421875,457.17999267578125,460.0199890136719,86581500
2022-03-30,435.2411804199219,458.70001220703125,461.20001220703125,456.4700012207031,460.3399963378906,79666900
2022-03-31,428.5422668457031,451.6400146484375,458.760009765625,451.1600036621094,457.8900146484375,121699900
2022-04-01,429.7567138671875,452.9200134277344,453.4599914550781,449.1400146484375,453.30999755859375,89048800
2022-04-04,433.4383239746094,456.79998779296875,456.9100036621094,452.260009765625,453.1300048828125,59601000
2022-04-05,427.96343994140625,451.0299987792969,457.8299865722656,449.82000732421875,455.2200012207031,74214500
2022-04-06,423.68408203125,446.5199890136719,448.92999267578125,443.4700012207031,446.8900146484375,106898000
2022-04-07,425.8189697265625,448.7699890136719,450.69000244140625,443.5299987792969,445.5899963378906,78097200
2022-04-08,424.68035888671875,447.57000732421875,450.6300048828125,445.94000244140625,447.9700012207031,79272700
2022-04-11,417.421630859375,439.9200134277344,445.0,439.3900146484375,444.1099853515625,89770500
2022-04-12,415.8749694824219,438.2900085449219,445.75,436.6499938964844,443.0799865722656,84363600
2022-04-13,420.6383056640625,443.30999755859375,444.1099853515625,437.8399963378906,438.0299987792969,74070400
2022-04-14,415.4005126953125,437.7900085449219,444.7300109863281,437.67999267578125,443.54998779296875,97869500
2022-04-18,415.5713806152344,437.9700012207031,439.75,435.6099853515625,436.80999755859375,66002500
2022-04-19,422.27978515625,445.0400085449219,445.79998779296875,437.67999267578125,437.8599853515625,77821000
2022-04-20,421.966552734375,444.7099914550781,447.57000732421875,443.4800109863281,446.9200134277344,65224400
2022-04-21,415.65673828125,438.05999755859375,450.010009765625,437.1000061035156,448.5400085449219,85417300
2022-04-22,404.25146484375,426.0400085449219,438.0799865722656,425.44000244140625,436.9100036621094,132471800
2022-04-25,406.59515380859375,428.510009765625,428.69000244140625,418.8399963378906,423.6700134277344,119647700
2022-04-26,394.81982421875,416.1000061035156,426.0400085449219,416.07000732421875,425.8299865722656,103996300
2022-04-27,395.929931640625,417.2699890136719,422.9200134277344,415.010009765625,417.239990234375,122030000
2022-04-28,405.93096923828125,427.80999755859375,429.6400146484375,417.6000061035156,422.2900085449219,105449100
2022-04-29,390.9295349121094,412.0,425.8699951171875,411.2099914550781,423.5899963378906,145491100
2022-05-02,393.28265380859375,414.4800109863281,415.9200134277344,405.0199890136719,412.07000732421875,158312500
2022-05-03,395.0854797363281,416.3800048828125,418.92999267578125,413.3599853515625,415.010009765625,100028200
2022-05-04,407.11700439453125,429.05999755859375,429.6600036621094,413.7099914550781,417.0799865722656,144247900
2022-05-05,392.64691162109375,413.80999755859375,425.0,409.44000244140625,424.54998779296875,172929100
2022-05-06,390.3032531738281,411.3399963378906,414.79998779296875,405.7300109863281,411.1000061035156,151770800
2022-05-09,377.80682373046875,398.1700134277344,406.4100036621094,396.5,405.1000061035156,155586100
2022-05-10,378.6797790527344,399.0899963378906,406.0799865722656,394.82000732421875,404.489990234375,132497200
2022-05-11,372.6639709472656,392.75,404.0400085449219,391.9599914550781,398.07000732421875,142361000
2022-05-12,372.2749938964844,392.3399963378906,395.79998779296875,385.1499938964844,389.3699951171875,125090800
2022-05-13,381.1752624511719,401.7200012207031,403.17999267578125,395.6099853515625,396.7099914550781,104174400
2022-05-16,379.62860107421875,400.0899963378906,403.9700012207031,397.6000061035156,399.9800109863281,78622400
2022-05-17,387.43768310546875,408.32000732421875,408.57000732421875,402.5799865722656,406.5299987792969,83029700
2022-05-18,371.8194885253906,391.8599853515625,403.79998779296875,390.54998779296875,403.5,117674500
2022-05-19,369.5422058105469,389.4599914550781,394.1400146484375,387.1099853515625,388.6199951171875,98510700
2022-05-20,369.70355224609375,389.6300048828125,397.0299987792969,380.5400085449219,393.25,131432200
2022-05-23,376.6207580566406,396.9200134277344,397.7300109863281,390.3800048828125,392.8299865722656,76414900
2022-05-24,373.7457275390625,393.8900146484375,395.1499938964844,386.9599914550781,392.55999755859375,91448800
2022-05-25,377.0476989746094,397.3699951171875,399.45001220703125,391.8900146484375,392.30999755859375,91472900
2022-05-26,384.5816650390625,405.30999755859375,407.0400085449219,398.45001220703125,398.6700134277344,82168300
2022-05-27,394.02276611328125,415.260009765625,415.3800048828125,407.70001220703125,407.9100036621094,84768700
2022-05-31,391.8118896484375,412.92999267578125,416.4599914550781,410.0299987792969,413.54998779296875,95937000
2022-06-01,388.6427307128906,409.5899963378906,416.239990234375,406.92999267578125,415.1700134277344,86585800
2022-06-02,396.0438232421875,417.3900146484375,417.44000244140625,407.0400085449219,409.4200134277344,79609600
2022-06-03,389.544189453125,410.5400085449219,414.0400085449219,409.510009765625,412.3999938964844,71874300
2022-06-06,390.7302551269531,411.7900085449219,416.6099853515625,410.54998779296875,414.7799987792969,57508900
2022-06-07,394.4782409667969,415.739990234375,416.2200012207031,407.6099853515625,408.1000061035156,59272400
2022-06-08,390.18939208984375,411.2200012207031,415.82000732421875,410.3800048828125,413.92999267578125,64350000
2022-06-09,380.9095458984375,401.44000244140625,411.739990234375,401.44000244140625,409.3399963378906,86289800
2022-06-10,369.86480712890625,389.79998779296875,395.7799987792969,389.75,394.8800048828125,132893900
2022-06-13,355.8217468261719,375.0,381.80999755859375,373.29998779296875,379.8500061035156,170004900
2022-06-14,354.74951171875,373.8699951171875,377.94000244140625,370.5899963378906,376.8500061035156,104011800
2022-06-15,359.80694580078125,379.20001220703125,383.8999938964844,372.1199951171875,377.3599853515625,125666800
2022-06-16,347.8988037109375,366.6499938964844,370.94000244140625,364.0799865722656,370.510009765625,134473300
2022-06-17,348.6487121582031,365.8599853515625,369.3800048828125,362.1700134277344,365.510009765625,111113900
2022-06-21,357.425537109375,375.07000732421875,376.5299987792969,371.80999755859375,371.8900146484375,76811900
2022-06-22,356.777587890625,374.3900146484375,378.7200012207031,370.17999267578125,370.6199951171875,90059400
2022-06-23,360.27484130859375,378.05999755859375,378.8299865722656,372.8900146484375,376.6400146484375,79292100
2022-06-24,371.7293701171875,390.0799865722656,390.0899963378906,381.3699951171875,381.3999938964844,98050300
2022-06-27,370.3094787597656,388.5899963378906,391.3599853515625,387.44000244140625,391.04998779296875,66009600
2022-06-28,362.74298095703125,380.6499938964844,393.1600036621094,380.5299987792969,390.2300109863281,86548900
2022-06-29,362.4476318359375,380.3399963378906,382.2699890136719,378.4200134277344,381.2300109863281,65676000
2022-06-30,359.5029296875,377.25,380.6600036621094,372.55999755859375,376.239990234375,112508300
2022-07-01,363.3052673339844,381.239990234375,381.70001220703125,373.79998779296875,376.55999755859375,74839700
2022-07-05,363.9913635253906,381.9599914550781,381.9800109863281,372.8999938964844,375.8800048828125,81438000
2022-07-06,365.220703125,383.25,385.8699951171875,379.6000061035156,382.1099853515625,70426200
2022-07-07,370.6906433105469,388.989990234375,389.8299865722656,383.2699890136719,385.1199951171875,64525900
2022-07-08,370.3857727050781,388.6700134277344,390.6400146484375,385.6600036621094,387.2699890136719,72397800
2022-07-11,366.1545715332031,384.2300109863281,386.8699951171875,383.5,385.8500061035156,58366900
2022-07-12,362.9145202636719,380.8299865722656,386.1600036621094,378.989990234375,383.6499938964844,62219200
2022-07-13,361.00860595703125,378.8299865722656,381.9200134277344,374.6600036621094,375.1000061035156,84224600
2022-07-14,360.13189697265625,377.9100036621094,379.04998779296875,371.0400085449219,373.6099853515625,89704800
2022-07-15,367.0122375488281,385.1300048828125,385.25,380.5400085449219,382.54998779296875,79060400
2022-07-18,363.9818420410156,381.95001220703125,389.0899963378906,380.6600036621094,388.3800048828125,63203600
2022-07-19,373.81634521484375,392.2699890136719,392.8699951171875,385.3900146484375,386.0799865722656,78506000
2022-07-20,376.19873046875,394.7699890136719,396.260009765625,391.0299987792969,392.4700012207031,71843800
2022-07-21,380.0296630859375,398.7900085449219,398.8399963378906,391.6300048828125,394.1600036621094,64903900
2022-07-22,376.503662109375,395.0899963378906,400.17999267578125,392.75,398.9200134277344,72197300
2022-07-25,376.96112060546875,395.57000732421875,396.4700012207031,393.2099914550781,395.75,53631500
2022-07-26,372.5012512207031,390.8900146484375,394.05999755859375,389.95001220703125,393.8399963378906,52946400
2022-07-27,382.1737976074219,401.0400085449219,402.8800048828125,394.04998779296875,394.3599853515625,82342100
2022-07-28,386.9671936035156,406.07000732421875,406.79998779296875,398.1499938964844,401.8900146484375,73966600
2022-07-29,392.6086730957031,411.989990234375,413.0299987792969,406.7699890136719,407.5799865722656,87003700
2022-08-01,391.4460754394531,410.7699890136719,413.4100036621094,408.3999938964844,409.1499938964844,69997500
2022-08-02,388.86358642578125,408.05999755859375,413.0,406.82000732421875,409.1199951171875,63435400
2022-08-03,394.9529113769531,414.45001220703125,415.67999267578125,410.0,410.29998779296875,67820600
2022-08-04,394.6861267089844,414.1700134277344,415.0899963378906,412.44000244140625,414.3699951171875,45656600
2022-08-05,394.01904296875,413.4700012207031,414.1499938964844,409.6000061035156,409.6600036621094,56814900
2022-08-08,393.5616149902344,412.989990234375,417.6199951171875,411.8299865722656,415.25,53886100
2022-08-09,391.99884033203125,411.3500061035156,412.75,410.2200012207031,412.2200012207031,44931800
2022-08-10,400.2322692871094,419.989990234375,420.1400146484375,416.7200012207031,418.7799987792969,68665700
2022-08-11,400.2322692871094,419.989990234375,424.95001220703125,419.2099914550781,422.989990234375,59489700
2022-08-12,407.0078430175781,427.1000061035156,427.2099914550781,421.0299987792969,422.0299987792969,61694500
2022-08-15,408.68499755859375,428.8599853515625,429.4100036621094,424.7099914550781,424.7699890136719,54048300
2022-08-16,409.48553466796875,429.70001220703125,431.7300109863281,426.8800048828125,427.7300109863281,59289000
2022-08-17,406.5790100097656,426.6499938964844,429.5,424.5400085449219,425.9100036621094,63563400
2022-08-18,407.76068115234375,427.8900146484375,428.6099853515625,425.5,426.8599853515625,49023200
2022-08-19,402.2812194824219,422.1400146484375,425.260009765625,421.2200012207031,424.9800109863281,68016900
2022-08-22,393.9046630859375,413.3500061035156,417.2300109863281,412.3999938964844,417.04998779296875,77695600
2022-08-23,392.9517822265625,412.3500061035156,415.4200134277344,411.7699890136719,412.8999938964844,49105200
2022-08-24,394.2095947265625,413.6700134277344,415.1099853515625,411.3900146484375,412.1099853515625,49177800
2022-08-25,399.77490234375,419.510009765625,419.55999755859375,414.0899963378906,415.239990234375,50942300
2022-08-26,386.242919921875,405.30999755859375,419.9599914550781,405.25,419.3900146484375,103087000
2022-08-29,383.6890563964844,402.6300048828125,405.8399963378906,401.20001220703125,402.20001220703125,65370800
2022-08-30,379.4768981933594,398.2099914550781,404.1000061035156,396.0,403.8500061035156,85652400
2022-08-31,376.5895080566406,395.17999267578125,401.239990234375,395.0400085449219,399.92999267578125,76029700
2022-09-01,377.77117919921875,396.4200134277344,396.7799987792969,390.0400085449219,392.8900146484375,78740100
2022-09-02,373.7877502441406,392.239990234375,401.55999755859375,390.3299865722656,400.2799987792969,99632100
2022-09-06,372.37744140625,390.760009765625,394.1199951171875,388.4200134277344,393.1300048828125,76637400
2022-09-07,379.06719970703125,397.7799987792969,398.5899963378906,390.20001220703125,390.42999267578125,70964200
2022-09-08,381.5448303222656,400.3800048828125,400.8599853515625,394.1199951171875,395.3900146484375,80821700
2022-09-09,387.4722595214844,406.6000061035156,407.510009765625,402.4599914550781,402.739990234375,76706900
2022-09-12,391.6366882324219,410.9700012207031,411.7300109863281,408.4599914550781,408.7799987792969,69256300
2022-09-13,374.60736083984375,393.1000061035156,403.1000061035156,391.9200134277344,401.8299865722656,122947100
2022-09-14,376.0367126464844,394.6000061035156,396.20001220703125,391.1199951171875,394.4700012207031,85023700
2022-09-15,371.76751708984375,390.1199951171875,395.9599914550781,388.7799987792969,392.9599914550781,87633800
2022-09-16,368.9313659667969,385.55999755859375,386.25,382.1099853515625,384.1400146484375,103084800
2022-09-19,371.7923889160156,388.54998779296875,388.54998779296875,382.17999267578125,382.260009765625,73278500
2022-09-20,367.52471923828125,384.0899963378906,386.1199951171875,381.20001220703125,385.05999755859375,77274900
2022-09-21,361.1137390136719,377.3900146484375,389.30999755859375,377.3800048828125,386.1099853515625,106746600
2022-09-22,358.08038330078125,374.2200012207031,378.29998779296875,373.44000244140625,376.5799865722656,89472600
2022-09-23,352.08087158203125,367.95001220703125,370.6199951171875,363.2900085449219,370.5799865722656,122346900
2022-09-26,348.5978088378906,364.30999755859375,370.2099914550781,363.0299987792969,366.4100036621094,92581200
2022-09-27,347.7079772949219,363.3800048828125,370.3999938964844,360.8699951171875,368.0199890136719,108294100
2022-09-28,354.5495300292969,370.5299987792969,372.29998779296875,362.6000061035156,364.3800048828125,110802200
2022-09-29,347.1434020996094,362.7900085449219,367.1099853515625,359.70001220703125,366.80999755859375,112952300
2022-09-30,341.77532958984375,357.17999267578125,365.9100036621094,357.0400085449219,361.79998779296875,153711200
2022-10-03,350.79864501953125,366.6099853515625,368.54998779296875,359.2099914550781,361.0799865722656,89756500
2022-10-04,361.668701171875,377.9700012207031,378.0,366.57000732421875,372.3999938964844,103602800
2022-10-05,360.8266296386719,377.0899963378906,379.4599914550781,370.95001220703125,373.3900146484375,88065700
2022-10-06,357.1044616699219,373.20001220703125,378.7200012207031,372.67999267578125,375.6199951171875,82333500
2022-10-07,347.1434020996094,362.7900085449219,373.2900085449219,360.94000244140625,368.9700012207031,107789500
2022-10-10,344.49285888671875,360.0199890136719,364.2099914550781,357.6700134277344,363.9599914550781,76042800
2022-10-11,342.3111572265625,357.739990234375,363.0299987792969,355.7099914550781,358.239990234375,92482800
2022-10-12,341.1820373535156,356.55999755859375,359.82000732421875,356.29998779296875,358.1700134277344,76991800
2022-10-13,350.1862487792969,365.9700012207031,367.510009765625,348.1099853515625,349.2099914550781,147254500
2022-10-14,342.2059020996094,357.6300048828125,370.260009765625,356.9599914550781,368.54998779296875,123737000
2022-10-17,350.9995422363281,366.82000732421875,367.9800109863281,357.2799987792969,364.010009765625,93168200
2022-10-18,355.1236877441406,371.1300048828125,375.45001220703125,367.5199890136719,375.1300048828125,97162900
2022-10-19,352.60711669921875,368.5,371.8500061035156,365.54998779296875,368.989990234375,79746900
2022-10-20,349.650390625,365.4100036621094,372.6700134277344,364.6099853515625,368.0299987792969,88283100
2022-10-21,358.14739990234375,374.2900085449219,374.79998779296875,363.5400085449219,365.1199951171875,131038400
2022-10-24,362.52984619140625,378.8699951171875,380.05999755859375,373.1099853515625,375.8900146484375,85436900
2022-10-25,368.3189697265625,384.9200134277344,385.25,378.6700134277344,378.7900085449219,78846300
2022-10-26,365.5439758300781,382.0199890136719,387.5799865722656,381.3500061035156,381.6199951171875,104087300
2022-10-27,363.5920104980469,379.9800109863281,385.0,379.3299865722656,383.07000732421875,81971800
2022-10-28,372.2420654296875,389.0199890136719,389.5199890136719,379.67999267578125,379.8699951171875,100302000
2022-10-31,369.55322265625,386.2099914550781,388.3999938964844,385.260009765625,386.44000244140625,96631300
2022-11-01,367.9361877441406,384.5199890136719,390.3900146484375,383.2900085449219,390.1400146484375,85407600
2022-11-02,358.70233154296875,374.8699951171875,388.6300048828125,374.760009765625,383.8999938964844,126990400
2022-11-03,355.00885009765625,371.010009765625,374.20001220703125,368.7900085449219,371.4700012207031,87100100
2022-11-04,360.1185302734375,376.3500061035156,378.8699951171875,370.0,377.0,103505200
2022-11-07,363.56329345703125,379.95001220703125,380.57000732421875,375.5299987792969,377.7099914550781,68286900
2022-11-08,365.5248718261719,382.0,385.1199951171875,377.7200012207031,381.1099853515625,84641100
2022-11-09,357.9942932128906,374.1300048828125,381.1400146484375,373.6099853515625,379.92999267578125,78495500
2022-11-10,377.6675109863281,394.69000244140625,395.0400085449219,385.6400146484375,388.04998779296875,141455800
2022-11-11,381.32281494140625,398.510009765625,399.3500061035156,393.6099853515625,395.5899963378906,93839900
2022-11-14,378.0790710449219,395.1199951171875,400.17999267578125,394.8299865722656,396.6600036621094,71903500
2022-11-15,381.3036804199219,398.489990234375,402.30999755859375,394.489990234375,401.1499938964844,93194500
2022-11-16,378.3948059082031,395.45001220703125,397.7799987792969,394.7900085449219,396.7799987792969,68508500
2022-11-17,377.23699951171875,394.239990234375,394.95001220703125,390.1400146484375,390.4599914550781,74496300
2022-11-18,378.94976806640625,396.0299987792969,397.80999755859375,393.0400085449219,397.739990234375,92922500
2022-11-21,377.57183837890625,394.5899963378906,395.82000732421875,392.6600036621094,394.6400146484375,51243200
2022-11-22,382.6529541015625,399.8999938964844,400.07000732421875,395.1499938964844,396.6300048828125,60429000
2022-11-23,385.064208984375,402.4200134277344,402.92999267578125,399.30999755859375,399.54998779296875,68261600
2022-11-25,384.97802734375,402.3299865722656,402.9100036621094,401.5400085449219,401.8299865722656,30545400
2022-11-28,378.8349304199219,395.9100036621094,400.80999755859375,395.1099853515625,399.0899963378906,67881600
2022-11-29,378.18426513671875,395.2300109863281,397.29998779296875,393.29998779296875,396.04998779296875,52310000
2022-11-30,390.0972900390625,407.67999267578125,407.67999267578125,393.4800109863281,395.489990234375,144566700
2022-12-01,389.810302734375,407.3800048828125,410.0,404.75,408.7699890136719,76398200
2022-12-02,389.36053466796875,406.9100036621094,407.8599853515625,402.1400146484375,402.25,85342700
2022-12-05,382.356201171875,399.5899963378906,404.92999267578125,398.1700134277344,403.95001220703125,77289800
2022-12-06,376.84466552734375,393.8299865722656,399.989990234375,391.6400146484375,399.4200134277344,77972200
2022-12-07,376.20355224609375,393.1600036621094,395.6400146484375,391.9700012207031,392.94000244140625,65927900
2022-12-08,379.15069580078125,396.239990234375,397.3599853515625,393.2699890136719,395.1400146484375,60737900
2022-12-09,376.318359375,393.2799987792969,397.6199951171875,393.1499938964844,394.94000244140625,81447700
2022-12-12,381.743896484375,398.95001220703125,398.95001220703125,393.4100036621094,394.1099853515625,75405800
2022-12-13,384.633544921875,401.9700012207031,410.489990234375,399.07000732421875,410.2200012207031,123782500
2022-12-14,382.1744079589844,399.3999938964844,405.5,396.30999755859375,401.6099853515625,108111300
2022-12-15,372.8258056640625,389.6300048828125,395.25,387.8900146484375,394.29998779296875,117705900
2022-12-16,368.42413330078125,383.2699890136719,386.5799865722656,381.0400085449219,385.17999267578125,119858000
2022-12-19,365.300048828125,380.0199890136719,383.82000732421875,378.2799987792969,383.4700012207031,79878100
2022-12-20,365.7998962402344,380.5400085449219,382.2300109863281,377.8500061035156,379.2300109863281,74427200
2022-12-21,371.26953125,386.2300109863281,387.4100036621094,382.69000244140625,383.25,78167400
2022-12-22,365.9729919433594,380.7200012207031,386.2099914550781,374.7699890136719,383.04998779296875,100120900
2022-12-23,368.078125,382.9100036621094,383.05999755859375,378.0299987792969,379.6499938964844,59857300
2022-12-27,366.6266174316406,381.3999938964844,383.1499938964844,379.6499938964844,382.7900085449219,51638200
2022-12-28,362.07025146484375,376.6600036621094,383.3900146484375,376.4200134277344,381.3299865722656,70911500
2022-12-29,368.5875244140625,383.44000244140625,384.3500061035156,379.0799865722656,379.6300048828125,66970900
2022-12-30,367.61669921875,382.42999267578125,382.5799865722656,378.42999267578125,380.6400146484375,84022200
2023-01-03,366.0690612792969,380.82000732421875,386.42999267578125,377.8299865722656,384.3699951171875,74850700
2023-01-04,368.89520263671875,383.760009765625,385.8800048828125,380.0,383.17999267578125,85934100
2023-01-05,364.6848449707031,379.3800048828125,381.8399963378906,378.760009765625,381.7200012207031,76970500
2023-01-06,373.0478210449219,388.0799865722656,389.25,379.4100036621094,382.6099853515625,104189600
2023-01-09,372.83636474609375,387.8599853515625,393.70001220703125,387.6700134277344,390.3699951171875,73978100
2023-01-10,375.4510498046875,390.5799865722656,390.6499938964844,386.2699890136719,387.25,65358100
2023-01-11,380.19964599609375,395.5199890136719,395.6000061035156,391.3800048828125,392.2300109863281,68881100
2023-01-12,381.5838928222656,396.9599914550781,398.489990234375,392.4200134277344,396.6700134277344,90157700
2023-01-13,383.064208984375,398.5,399.1000061035156,393.3399963378906,393.6199951171875,63903900
2023-01-17,382.362548828125,397.7699890136719,400.2300109863281,397.05999755859375,398.4800109863281,62677300
2023-01-18,376.32574462890625,391.489990234375,400.1199951171875,391.2799987792969,399.010009765625,99632300
2023-01-19,373.586181640625,388.6400146484375,391.0799865722656,387.260009765625,389.3599853515625,86958900
2023-01-20,380.54571533203125,395.8800048828125,396.0400085449219,388.3800048828125,390.1000061035156,91806400
2023-01-23,385.1117248535156,400.6300048828125,402.6499938964844,395.7200012207031,396.7200012207031,84178800
2023-01-24,384.69842529296875,400.20001220703125,401.1499938964844,397.6400146484375,398.8800048828125,59524900
2023-01-25,384.8425598144531,400.3500061035156,400.70001220703125,393.55999755859375,395.95001220703125,84800300
2023-01-26,389.0721435546875,404.75,404.9200134277344,400.0299987792969,403.1300048828125,72287400
2023-01-27,389.96612548828125,405.67999267578125,408.1600036621094,403.44000244140625,403.6600036621094,68346200
2023-01-30,385.0732727050781,400.5899963378906,405.1300048828125,400.2799987792969,402.79998779296875,74202000
2023-01-31,390.73516845703125,406.4800109863281,406.5299987792969,400.7699890136719,401.1300048828125,86811800
2023-02-01,394.8877868652344,410.79998779296875,413.6700134277344,402.3500061035156,405.2099914550781,101459200
2023-02-02,400.6361389160156,416.7799987792969,418.30999755859375,412.8800048828125,414.8599853515625,101654500
2023-02-03,396.3778076171875,412.3500061035156,416.9700012207031,411.0899963378906,411.5899963378906,94736800
2023-02-06,393.95538330078125,409.8299865722656,411.2900085449219,408.1000061035156,409.7900085449219,60295300
2023-02-07,399.1078186035156,415.19000244140625,416.489990234375,407.57000732421875,408.8699951171875,90990700
2023-02-08,394.7436218261719,410.6499938964844,414.5299987792969,409.92999267578125,413.1300048828125,76227500
2023-02-09,391.3215026855469,407.0899963378906,414.57000732421875,405.80999755859375,414.4100036621094,78694900
2023-02-10,392.2347412109375,408.0400085449219,408.44000244140625,405.010009765625,405.8599853515625,70769700
2023-02-13,396.8391418457031,412.8299865722656,412.9700012207031,408.239990234375,408.7200012207031,64913500
2023-02-14,396.65655517578125,412.6400146484375,415.04998779296875,408.510009765625,411.239990234375,88389300
2023-02-15,397.9446716308594,413.9800109863281,414.05999755859375,409.4700012207031,410.3500061035156,61555700
2023-02-16,392.4653625488281,408.2799987792969,412.9100036621094,408.1400146484375,408.7900085449219,76431500
2023-02-17,391.4849548339844,407.260009765625,407.510009765625,404.04998779296875,406.05999755859375,89257800
2023-02-21,383.6313781738281,399.0899963378906,404.1600036621094,398.82000732421875,403.05999755859375,82655900
2023-02-22,383.10272216796875,398.5400085449219,401.1300048828125,397.0199890136719,399.5199890136719,83742300
2023-02-23,385.1405944824219,400.6600036621094,402.20001220703125,396.25,401.55999755859375,96242400
2023-02-24,381.0263366699219,396.3800048828125,397.25,393.6400146484375,395.4200134277344,108194400
2023-02-27,382.3241271972656,397.7300109863281,401.2900085449219,396.75,399.8699951171875,80444700
2023-02-28,380.9110412597656,396.260009765625,399.2799987792969,396.1499938964844,397.2300109863281,96438600
2023-03-01,379.4498596191406,394.739990234375,396.69000244140625,393.3800048828125,395.4100036621094,99706800
2023-03-02,382.4009704589844,397.80999755859375,398.69000244140625,392.3299865722656,392.67999267578125,85127800
2023-03-03,388.53387451171875,404.19000244140625,404.45001220703125,399.0299987792969,399.7099914550781,90120000
2023-03-06,388.80303955078125,404.4700012207031,407.45001220703125,404.010009765625,405.04998779296875,72795900
2023-03-07,382.8431396484375,398.2699890136719,404.6700134277344,397.6300048828125,404.4200134277344,108310600
2023-03-08,383.4679870605469,398.9200134277344,399.7099914550781,396.5899963378906,398.3900146484375,74746600
2023-03-09,376.3930358886719,391.55999755859375,401.4800109863281,390.5299987792969,399.739990234375,111945300
2023-03-10,370.9619445800781,385.9100036621094,393.1600036621094,384.32000732421875,390.989990234375,189253000
2023-03-13,370.4331970214844,385.3599853515625,390.3900146484375,380.6499938964844,381.80999755859375,157790000
2023-03-14,376.5565185546875,391.7300109863281,393.45001220703125,387.04998779296875,390.5,149752400
2023-03-15,374.2013854980469,389.2799987792969,389.489990234375,383.7099914550781,385.8900146484375,172996900
2023-03-16,380.76678466796875,396.1099853515625,396.4700012207031,386.2900085449219,386.82000732421875,143254200
2023-03-17,376.31463623046875,389.989990234375,394.3999938964844,388.54998779296875,393.2200012207031,140553400
2023-03-20,379.9331359863281,393.739990234375,394.1700134277344,390.07000732421875,390.79998779296875,93055800
2023-03-21,384.92181396484375,398.9100036621094,399.4100036621094,395.5799865722656,397.239990234375,91524200
2023-03-22,378.3602600097656,392.1099853515625,402.489990234375,392.07000732421875,398.7300109863281,111746600
2023-03-23,379.3830871582031,393.1700134277344,399.2900085449219,390.3500061035156,395.0899963378906,119351300
2023-03-24,381.87261962890625,395.75,395.8399963378906,389.3999938964844,391.8399963378906,107682400
2023-03-27,382.5867004394531,396.489990234375,398.9200134277344,395.55999755859375,398.1199951171875,74010400
2023-03-28,381.7279052734375,395.6000061035156,396.489990234375,393.69000244140625,395.7699890136719,62871700
2023-03-29,387.2762756347656,401.3500061035156,401.6000061035156,398.67999267578125,399.92999267578125,77497900
2023-03-30,389.54388427734375,403.70001220703125,404.3500061035156,401.760009765625,404.0899963378906,69840000
2023-03-31,395.0343322753906,409.3900146484375,409.70001220703125,404.54998779296875,404.6600036621094,112062600
2023-04-03,396.5396423339844,410.95001220703125,411.3699951171875,408.44000244140625,408.8500061035156,67391100
2023-04-04,394.3396301269531,408.6700134277344,411.9200134277344,407.239990234375,411.6199951171875,66601500
2023-04-05,393.3071594238281,407.6000061035156,408.70001220703125,405.8800048828125,407.9100036621094,65200200
2023-04-06,394.84136962890625,409.19000244140625,409.4800109863281,405.67999267578125,406.7699890136719,63743300
2023-04-10,395.2466125488281,409.6099853515625,409.69000244140625,405.9700012207031,406.6099853515625,63681000
2023-04-11,395.3527526855469,409.7200012207031,411.17999267578125,408.9200134277344,410.260009765625,59297900
2023-04-12,393.7413024902344,408.04998779296875,412.1700134277344,407.44000244140625,411.8699951171875,86420400
2023-04-13,398.97125244140625,413.4700012207031,413.8399963378906,407.989990234375,409.17999267578125,85814800
2023-04-14,397.9966735839844,412.4599914550781,415.0899963378906,410.05999755859375,412.80999755859375,78161500
2023-04-17,399.4247741699219,413.94000244140625,413.9599914550781,411.0899963378906,412.3699951171875,66436400
2023-04-18,399.6852722167969,414.2099914550781,415.7200012207031,412.7799987792969,415.5799865722656,63560000
2023-04-19,399.6177673339844,414.1400146484375,415.0799865722656,412.1600036621094,412.2200012207031,55227300
2023-04-20,397.4370422363281,411.8800048828125,413.70001220703125,410.2699890136719,411.2099914550781,75840400
2023-04-21,397.7458190917969,412.20001220703125,412.67999267578125,410.1700134277344,412.19000244140625,73457400
2023-04-24,398.1607666015625,412.6300048828125,413.07000732421875,410.6000061035156,411.989990234375,64332100
2023-04-25,391.84039306640625,406.0799865722656,411.1600036621094,406.0199890136719,410.5799865722656,97766700
2023-04-26,390.1807556152344,404.3599853515625,407.8399963378906,403.7799987792969,406.7200012207031,80447000
2023-04-27,397.94842529296875,412.4100036621094,412.69000244140625,406.739990234375,407.0,92968400
2023-04-28,401.3450012207031,415.92999267578125,415.94000244140625,411.42999267578125,411.489990234375,89433100
2023-05-01,400.9397888183594,415.510009765625,417.6199951171875,415.2699890136719,415.4700012207031,62122300
2023-05-02,396.4334716796875,410.8399963378906,414.82000732421875,407.82000732421875,414.7699890136719,103998500
2023-05-03,393.7123718261719,408.0199890136719,413.8699951171875,407.7699890136719,411.3599853515625,91531800
2023-05-04,390.9237365722656,405.1300048828125,407.2699890136719,403.739990234375,406.92999267578125,94901900
2023-05-05,398.1607666015625,412.6300048828125,413.7200012207031,408.6400146484375,408.9100036621094,87891800
2023-05-08,398.266845703125,412.739990234375,413.239990234375,411.2799987792969,412.9700012207031,50046800
2023-05-09,396.5203552246094,410.92999267578125,412.0899963378906,410.69000244140625,411.1300048828125,49220100
2023-05-10,398.3730163574219,412.8500061035156,414.5400085449219,408.8699951171875,413.8800048828125,96142900
2023-05-11,397.6782531738281,412.1300048828125,412.42999267578125,409.9700012207031,411.95001220703125,70157100
2023-05-12,397.1572265625,411.5899963378906,413.6400146484375,409.07000732421875,413.4200134277344,70481500
2023-05-15,398.5274658203125,413.010009765625,413.42999267578125,410.2300109863281,412.2200012207031,54289400
2023-05-16,395.86419677734375,410.25,412.82000732421875,410.239990234375,411.8599853515625,57705500
2023-05-17,400.6695556640625,415.2300109863281,415.8599853515625,410.6400146484375,412.3500061035156,87287000
2023-05-18,404.52935791015625,419.2300109863281,419.6700134277344,414.6700134277344,414.8999938964844,97177200
2023-05-19,403.9406433105469,418.6199951171875,420.7200012207031,417.3500061035156,420.1700134277344,103793300
2023-05-22,404.104736328125,418.7900085449219,420.3900146484375,417.3500061035156,418.6400146484375,60745400
2023-05-23,399.5695495605469,414.0899963378906,418.7200012207031,413.67999267578125,417.0799865722656,86383500
2023-05-24,396.6747131347656,411.0899963378906,412.82000732421875,409.8800048828125,412.4200134277344,89213700
2023-05-25,400.10992431640625,414.6499938964844,416.1600036621094,412.4100036621094,414.739990234375,90961600
2023-05-26,405.29156494140625,420.0199890136719,420.7699890136719,415.25,415.3299865722656,93830000
2023-05-30,405.4458923339844,420.17999267578125,422.5799865722656,418.739990234375,422.0299987792969,72216000
2023-05-31,403.1976623535156,417.8500061035156,419.2200012207031,416.2200012207031,418.2799987792969,110811800
2023-06-01,407.02850341796875,421.82000732421875,422.9200134277344,416.7900085449219,418.0899963378906,88865000
2023-06-02,412.91461181640625,427.9200134277344,428.739990234375,423.95001220703125,424.5,91426200
2023-06-05,412.12335205078125,427.1000061035156,429.6199951171875,426.3699951171875,428.2799987792969,65460200
2023-06-06,413.02069091796875,428.0299987792969,428.5799865722656,425.989990234375,426.6700134277344,64022200
2023-06-07,411.5926208496094,426.54998779296875,429.6199951171875,426.1099853515625,428.44000244140625,85373300
2023-06-08,414.0821838378906,429.1300048828125,429.6000061035156,425.82000732421875,426.6199951171875,61952800
2023-06-09,414.82513427734375,429.8999938964844,431.989990234375,428.8699951171875,429.9599914550781,85742800
2023-06-12,418.58831787109375,433.79998779296875,433.8800048828125,430.1700134277344,430.9200134277344,76104300
2023-06-13,421.3481140136719,436.6600036621094,437.3299865722656,434.6300048828125,435.32000732421875,95899700
2023-06-14,421.849853515625,437.17999267578125,439.05999755859375,433.5899963378906,437.010009765625,100612100
2023-06-15,427.079833984375,442.6000061035156,443.8999938964844,436.2300109863281,436.3299865722656,110303100
2023-06-16,425.62506103515625,439.4599914550781,443.6099853515625,438.9700012207031,443.0199890136719,114165800
2023-06-20,423.4168701171875,437.17999267578125,438.3699951171875,435.0299987792969,437.45001220703125,76160400
2023-06-21,421.2473449707031,434.94000244140625,436.989990234375,434.3299865722656,436.1600036621094,76982300
2023-06-22,422.7679443359375,436.510009765625,436.6199951171875,433.6000061035156,433.95001220703125,70637200
2023-06-23,419.57183837890625,433.2099914550781,435.05999755859375,432.4700012207031,432.92999267578125,92074500
2023-06-26,417.8575744628906,431.44000244140625,434.6099853515625,431.19000244140625,432.6199951171875,72823600
2023-06-27,422.4386901855469,436.1700134277344,436.80999755859375,431.8800048828125,432.3500061035156,72813700
2023-06-28,422.6517333984375,436.3900146484375,437.44000244140625,434.4100036621094,435.04998779296875,75636000
2023-06-29,424.3175964355469,438.1099853515625,438.2799987792969,435.5400085449219,435.9599914550781,67882300
2023-06-30,429.3248291015625,443.2799987792969,444.29998779296875,441.1099853515625,441.44000244140625,104964000
2023-07-03,429.8187561035156,443.7900085449219,444.0799865722656,442.6300048828125,442.9200134277344,32793400
2023-07-05,429.17950439453125,443.1300048828125,443.8900146484375,441.8999938964844,441.9100036621094,58418400
2023-07-06,425.8188171386719,439.6600036621094,440.1000061035156,437.05999755859375,439.4200134277344,80658300
2023-07-07,424.74371337890625,438.54998779296875,442.6400146484375,438.29998779296875,438.6300048828125,86134200
2023-07-10,425.8188171386719,439.6600036621094,439.8399963378906,437.5899963378906,438.17999267578125,62443500
2023-07-11,428.5306396484375,442.4599914550781,442.9700012207031,439.44000244140625,440.45001220703125,64463800
2023-07-12,431.97857666015625,446.0199890136719,447.4800109863281,444.9100036621094,446.3900146484375,91924500
2023-07-13,435.4070739746094,449.55999755859375,450.3800048828125,447.45001220703125,447.8999938964844,72425200
2023-07-14,435.13592529296875,449.2799987792969,451.3599853515625,448.489990234375,450.4800109863281,69815800
2023-07-17,436.64678955078125,450.8399963378906,451.92999267578125,449.0799865722656,449.1300048828125,52680200
2023-07-18,439.891357421875,454.19000244140625,454.8599853515625,450.04998779296875,450.5,80668200
2023-07-19,440.86956787109375,455.20001220703125,456.42999267578125,454.1099853515625,455.010009765625,65891700
2023-07-20,437.9446716308594,452.17999267578125,455.1000061035156,451.44000244140625,454.1700134277344,70591600
2023-07-21,437.9446716308594,452.17999267578125,454.1700134277344,452.1700134277344,453.9599914550781,71275600
2023-07-24,439.90106201171875,454.20001220703125,455.0400085449219,452.29998779296875,453.3699951171875,54023400
2023-07-25,441.10198974609375,455.44000244140625,456.739990234375,453.8699951171875,453.9200134277344,55191200
2023-07-26,441.1697692871094,455.510009765625,456.989990234375,453.3800048828125,454.4700012207031,71052900
2023-07-27,438.2448425292969,452.489990234375,459.44000244140625,451.54998779296875,459.0199890136719,92194400
2023-07-28,442.5354309082031,456.9200134277344,457.7799987792969,452.489990234375,455.8800048828125,80011800
2023-07-31,443.3780517578125,457.7900085449219,458.1600036621094,456.04998779296875,457.4100036621094,62040400
2023-08-01,442.10931396484375,456.4800109863281,457.25,455.489990234375,456.2699890136719,55291500
2023-08-02,435.959228515625,450.1300048828125,453.5199890136719,449.3500061035156,453.25,93933400
2023-08-03,434.70977783203125,448.8399963378906,450.7900085449219,447.3699951171875,448.0400085449219,64276100
2023-08-04,432.74365234375,446.80999755859375,452.8999938964844,446.2699890136719,450.7200012207031,100128900
2023-08-07,436.5209045410156,450.7099914550781,450.8699951171875,447.989990234375,448.7099914550781,58357500
2023-08-08,434.6225891113281,448.75,450.70001220703125,445.2699890136719,448.0799865722656,71361300
2023-08-09,431.7170715332031,445.75,449.20001220703125,444.9599914550781,449.0299987792969,78789600
2023-08-10,431.8720397949219,445.9100036621094,451.70001220703125,444.70001220703125,448.19000244140625,93005500
2023-08-11,431.6202087402344,445.6499938964844,446.70001220703125,443.3500061035156,443.9700012207031,68690900
2023-08-14,434.0028076171875,448.1099853515625,448.1099853515625,444.3800048828125,444.70001220703125,47867400
2023-08-15,428.9471130371094,442.8900146484375,446.6400146484375,442.29998779296875,446.2699890136719,75707500
2023-08-16,425.7994689941406,439.6400146484375,444.17999267578125,439.5299987792969,442.4599914550781,80107200
2023-08-17,422.5549011230469,436.2900085449219,441.42999267578125,435.75,441.1600036621094,95711300
2023-08-18,422.7582702636719,436.5,437.57000732421875,433.010009765625,433.3699951171875,98852000
2023-08-21,425.50885009765625,439.3399963378906,440.1099853515625,435.32000732421875,437.54998779296875,68719000
2023-08-22,424.3563232421875,438.1499938964844,441.17999267578125,437.57000732421875,441.17999267578125,64994200
2023-08-23,429.0826721191406,443.0299987792969,443.6700134277344,439.1000061035156,439.25,68441000
2023-08-24,423.1360168457031,436.8900146484375,445.2200012207031,436.8599853515625,444.69000244140625,88517300
2023-08-25,426.1190185546875,439.9700012207031,441.29998779296875,435.0,438.67999267578125,102325100
2023-08-28,428.8211975097656,442.760009765625,443.3999938964844,439.9700012207031,442.239990234375,61595400
2023-08-29,435.01971435546875,449.1600036621094,449.45001220703125,442.4599914550781,442.6499938964844,83081900
2023-08-30,436.8114318847656,451.010009765625,451.6700134277344,448.7799987792969,449.510009765625,69053900
2023-08-31,436.1722717285156,450.3500061035156,452.8299865722656,450.1600036621094,451.6499938964844,66084600
2023-09-01,436.98577880859375,451.19000244140625,453.6700134277344,449.67999267578125,453.1700134277344,58944100
2023-09-05,435.09716796875,449.239990234375,451.05999755859375,449.1700134277344,450.7300109863281,55166200
2023-09-06,432.17230224609375,446.2200012207031,448.510009765625,443.80999755859375,448.3999938964844,70758500
2023-09-07,430.8453674316406,444.8500061035156,445.54998779296875,442.75,443.1099853515625,70355400
2023-09-08,431.49432373046875,445.5199890136719,447.1099853515625,444.5299987792969,444.8999938964844,61659700
2023-09-11,434.33209228515625,448.45001220703125,448.7699890136719,446.4700012207031,448.239990234375,60180100
2023-09-12,431.94952392578125,445.989990234375,448.5299987792969,445.3900146484375,446.95001220703125,67565400
2023-09-13,432.453125,446.510009765625,447.7099914550781,445.0799865722656,446.2200012207031,60199300
2023-09-14,436.18194580078125,450.3599853515625,451.0799865722656,447.7200012207031,449.07000732421875,83430800
2023-09-15,430.92669677734375,443.3699951171875,447.4800109863281,442.9200134277344,447.1400146484375,111848900
2023-09-18,431.17938232421875,443.6300048828125,444.9700012207031,442.55999755859375,443.04998779296875,55752200
2023-09-19,430.2851867675781,442.7099914550781,443.2900085449219,439.94000244140625,442.67999267578125,66514600
2023-09-20,426.3294677734375,438.6400146484375,444.44000244140625,438.42999267578125,444.010009765625,82562600
2023-09-21,419.28289794921875,431.3900146484375,435.9700012207031,431.2300109863281,435.70001220703125,104095800
2023-09-22,418.34014892578125,430.4200134277344,434.1000061035156,429.989990234375,432.45001220703125,100829700
2023-09-25,420.0993347167969,432.2300109863281,432.2699890136719,428.7200012207031,429.1700134277344,70874500
2023-09-26,413.92755126953125,425.8800048828125,429.82000732421875,425.0199890136719,429.0899963378906,96168400
2023-09-27,414.0927734375,426.04998779296875,427.6700134277344,422.2900085449219,427.0899963378906,104705800
2023-09-28,416.4934387207031,428.5199890136719,430.25,424.8699951171875,425.4800109863281,92258300
2023-09-29,415.4826354980469,427.4800109863281,431.8500061035156,425.9100036621094,431.6700134277344,115111300
2023-10-02,415.31744384765625,427.30999755859375,428.6000061035156,424.4599914550781,426.6199951171875,83798600
2023-10-03,409.75799560546875,421.5899963378906,427.3699951171875,420.17999267578125,425.05999755859375,103760600
2023-10-04,412.7417907714844,424.6600036621094,425.42999267578125,420.55999755859375,422.07000732421875,87453000
2023-10-05,412.5862731933594,424.5,425.3699951171875,421.1700134277344,424.3599853515625,70142700
2023-10-06,417.48480224609375,429.5400085449219,431.1300048828125,420.6000061035156,421.9700012207031,113273300
2023-10-09,420.1576232910156,432.2900085449219,432.8800048828125,427.010009765625,427.5799865722656,80374400
2023-10-10,422.3445129394531,434.5400085449219,437.2200012207031,432.5299987792969,432.94000244140625,78607300
2023-10-11,424.07452392578125,436.32000732421875,436.5799865722656,433.17999267578125,435.6400146484375,62451700
2023-10-12,421.4892272949219,433.6600036621094,437.3399963378906,431.2300109863281,436.95001220703125,81154200
2023-10-13,419.3898010253906,431.5,436.45001220703125,429.8800048828125,435.2099914550781,95143100
2023-10-16,423.8023986816406,436.0400085449219,437.1400146484375,433.57000732421875,433.82000732421875,75433200
2023-10-17,423.78289794921875,436.0199890136719,438.1400146484375,432.45001220703125,432.80999755859375,75324700
2023-10-18,418.1360168457031,430.2099914550781,435.17999267578125,429.0899963378906,434.19000244140625,93559800
2023-10-19,414.46209716796875,426.42999267578125,432.82000732421875,425.7300109863281,430.95001220703125,121323000
2023-10-20,409.369140625,421.19000244140625,426.5400085449219,421.0799865722656,425.9800109863281,123919900
2023-10-23,408.65966796875,420.4599914550781,424.45001220703125,417.79998779296875,419.6099853515625,92035100
2023-10-24,411.74066162109375,423.6300048828125,424.82000732421875,420.739990234375,422.6499938964844,78564200
2023-10-25,405.8312683105469,417.54998779296875,421.9200134277344,417.0199890136719,421.8900146484375,94223200
2023-10-26,400.9716491699219,412.54998779296875,417.3299865722656,411.6000061035156,416.45001220703125,115156800
2023-10-27,399.15411376953125,410.67999267578125,414.6000061035156,409.2099914550781,414.19000244140625,107367700
2023-10-30,403.92633056640625,415.5899963378906,416.67999267578125,412.2200012207031,413.55999755859375,86562700
2023-10-31,406.46307373046875,418.20001220703125,418.5299987792969,414.2099914550781,416.17999267578125,79665200
2023-11-01,410.79791259765625,422.6600036621094,423.5,418.6499938964844,419.20001220703125,98068100
2023-11-02,418.6706237792969,430.760009765625,430.9200134277344,426.55999755859375,426.5799865722656,94938900
2023-11-03,422.4902648925781,434.69000244140625,436.2900085449219,433.010009765625,433.1400146484375,100167800
2023-11-06,423.4622497558594,435.69000244140625,436.1499938964844,433.67999267578125,435.4700012207031,67831700
2023-11-07,424.66741943359375,436.92999267578125,437.5899963378906,434.510009765625,435.69000244140625,64256100
2023-11-08,424.9784240722656,437.25,438.0899963378906,434.8699951171875,437.54998779296875,61746000
2023-11-09,421.6641845703125,433.8399963378906,438.4700012207031,433.3999938964844,438.42999267578125,83174400
2023-11-10,428.2441101074219,440.6099853515625,440.92999267578125,433.8299865722656,435.9800109863281,89462200
2023-11-13,427.8359069824219,440.19000244140625,441.3299865722656,438.4200134277344,439.2300109863281,52236100
2023-11-14,436.13623046875,448.7300109863281,450.05999755859375,446.0899963378906,446.32000732421875,97176900
2023-11-15,437.05963134765625,449.67999267578125,451.3800048828125,448.79998779296875,450.1099853515625,77327600
2023-11-16,437.59417724609375,450.2300109863281,450.55999755859375,448.1199951171875,449.2200012207031,66665800
2023-11-17,438.1384582519531,450.7900085449219,451.4200134277344,449.2900085449219,450.239990234375,83133200
2023-11-20,441.51104736328125,454.260009765625,455.1300048828125,450.5199890136719,450.5299987792969,69936200
2023-11-21,440.54876708984375,453.2699890136719,454.1300048828125,451.9599914550781,453.17999267578125,49244600
2023-11-22,442.24969482421875,455.0199890136719,456.3800048828125,453.8900146484375,454.9800109863281,59394900
2023-11-24,442.5218200683594,455.29998779296875,455.5,454.7300109863281,455.07000732421875,29737400
2023-11-27,441.7248840332031,454.4800109863281,455.489990234375,454.0799865722656,454.6499938964844,50506000
2023-11-28,442.1622314453125,454.92999267578125,456.2699890136719,453.5,454.0799865722656,62115000
2023-11-29,441.8511657714844,454.6099853515625,458.32000732421875,454.20001220703125,457.1499938964844,63146000
2023-11-30,443.5909729003906,456.3999938964844,456.760009765625,453.3399963378906,455.4800109863281,79752700
2023-12-01,446.2152404785156,459.1000061035156,459.6499938964844,455.1600036621094,455.7699890136719,89183400
2023-12-04,443.8728332519531,456.69000244140625,459.1199951171875,454.3399963378906,455.6000061035156,72430900
2023-12-05,443.7853698730469,456.6000061035156,457.5899963378906,454.8699951171875,455.260009765625,69793500
2023-12-06,441.9970397949219,454.760009765625,458.8399963378906,454.30999755859375,458.80999755859375,69124700
2023-12-07,445.3696594238281,458.2300109863281,458.8999938964844,456.2900085449219,456.9100036621094,66995400
2023-12-08,447.28436279296875,460.20001220703125,460.75,457.2099914550781,457.4599914550781,83194400
2023-12-11,449.0240783691406,461.989990234375,462.1700134277344,459.4700012207031,459.69000244140625,65002200
2023-12-12,451.07489013671875,464.1000061035156,464.20001220703125,460.6000061035156,461.6300048828125,68327600
2023-12-13,457.2952880859375,470.5,470.760009765625,464.1199951171875,464.489990234375,93278000
2023-12-14,458.76287841796875,472.010009765625,473.7300109863281,469.25,472.5,119026000
2023-12-15,458.007568359375,469.3299865722656,470.70001220703125,467.42999267578125,469.489990234375,141553700
2023-12-18,460.5838623046875,471.9700012207031,472.9800109863281,469.8900146484375,470.9800109863281,70375300
2023-12-19,463.3846130371094,474.8399963378906,474.9200134277344,472.45001220703125,472.5299987792969,55761800
2023-12-20,456.96337890625,468.260009765625,475.8999938964844,467.82000732421875,473.9599914550781,102921000
2023-12-21,461.2962646484375,472.70001220703125,472.9800109863281,468.8399963378906,471.3299865722656,86667500
2023-12-22,462.22332763671875,473.6499938964844,475.3800048828125,471.70001220703125,473.8599853515625,67160400
2023-12-26,464.1750793457031,475.6499938964844,476.5799865722656,473.989990234375,474.07000732421875,55387000
2023-12-27,465.01434326171875,476.510009765625,476.6600036621094,474.8900146484375,475.44000244140625,68000300
2023-12-28,465.19000244140625,476.69000244140625,477.54998779296875,476.260009765625,476.8800048828125,77158100
2023-12-29,463.8432922363281,475.30999755859375,477.0299987792969,473.29998779296875,476.489990234375,122283100
2024-01-02,461.2474365234375,472.6499938964844,473.6700134277344,470.489990234375,472.1600036621094,123623700
2024-01-03,457.4805603027344,468.7900085449219,471.19000244140625,468.1700134277344,470.42999267578125,103585900
2024-01-04,456.0069580078125,467.2799987792969,470.9599914550781,467.04998779296875,468.29998779296875,84232200
2024-01-05,456.63153076171875,467.9200134277344,470.44000244140625,466.42999267578125,467.489990234375,86118900
2024-01-08,463.1504211425781,474.6000061035156,474.75,468.29998779296875,468.42999267578125,74879100
2024-01-09,462.4477844238281,473.8800048828125,474.92999267578125,471.3500061035156,471.8699951171875,65931400
2024-01-10,465.0631103515625,476.55999755859375,477.45001220703125,473.8699951171875,474.1600036621094,67310600
2024-01-11,464.858154296875,476.3500061035156,478.1199951171875,472.260009765625,477.5899963378906,77940700
2024-01-12,465.18023681640625,476.67999267578125,478.6000061035156,475.2300109863281,477.8399963378906,58026400
2024-01-16,463.47247314453125,474.92999267578125,476.6099853515625,473.05999755859375,475.260009765625,85014900
2024-01-17,460.8961486816406,472.2900085449219,472.7900085449219,469.8699951171875,471.82000732421875,68843900
2024-01-18,464.99481201171875,476.489990234375,477.05999755859375,472.4200134277344,474.010009765625,91856200
2024-01-19,470.79150390625,482.42999267578125,482.7200012207031,476.5400085449219,477.6499938964844,110834500
2024-01-22,471.78692626953125,483.45001220703125,485.2200012207031,482.7799987792969,484.010009765625,75844900
2024-01-23,473.162841796875,484.8599853515625,485.1099853515625,482.8900146484375,484.010009765625,49945300
2024-01-24,473.6801452636719,485.3900146484375,488.7699890136719,484.8800048828125,487.80999755859375,81765000
2024-01-25,476.2564392089844,488.0299987792969,488.30999755859375,485.3900146484375,487.5799865722656,72525000
2024-01-26,475.6513366699219,487.4100036621094,489.1199951171875,486.5400085449219,487.5899963378906,76641600
2024-01-29,479.418212890625,491.2699890136719,491.4200134277344,487.1700134277344,487.7300109863281,61322800
2024-01-30,479.0473937988281,490.8900146484375,491.6199951171875,490.1099853515625,490.55999755859375,58618400
2024-01-31,471.230712890625,482.8800048828125,489.0799865722656,482.8599853515625,488.6199951171875,126011100
2024-02-01,477.3982238769531,489.20001220703125,489.2300109863281,483.79998779296875,484.6300048828125,91891600
2024-02-02,482.4239807128906,494.3500061035156,496.04998779296875,489.29998779296875,489.6499938964844,99228200
2024-02-05,480.6673583984375,492.54998779296875,494.3800048828125,490.2300109863281,493.70001220703125,75757100
2024-02-06,482.0628967285156,493.9800109863281,494.32000732421875,492.04998779296875,493.5199890136719,55918600
2024-02-07,486.0834655761719,498.1000061035156,498.5299987792969,495.3599853515625,496.2900085449219,70556500
2024-02-08,486.2981872558594,498.32000732421875,498.7099914550781,497.260009765625,498.1000061035156,52343600
2024-02-09,489.1087341308594,501.20001220703125,501.6499938964844,498.489990234375,498.8399963378906,63979400
2024-02-12,488.89404296875,500.9800109863281,503.5,500.239990234375,501.1700134277344,56502300
2024-02-13,482.16046142578125,494.0799865722656,497.0899963378906,490.7200012207031,494.5299987792969,113099200
2024-02-14,486.5421447753906,498.57000732421875,499.07000732421875,494.3999938964844,496.7900085449219,68387800
2024-02-15,489.899169921875,502.010009765625,502.20001220703125,498.79998779296875,499.2900085449219,61683000
2024-02-16,487.45947265625,499.510009765625,502.8699951171875,498.75,501.70001220703125,75532900
2024-02-20,484.7757873535156,496.760009765625,498.4100036621094,494.45001220703125,497.7200012207031,71736700
2024-02-21,485.21490478515625,497.2099914550781,497.3699951171875,493.55999755859375,495.4200134277344,59293400
2024-02-22,495.2567443847656,507.5,508.489990234375,503.0199890136719,504.010009765625,76402500
2024-02-23,495.5982971191406,507.8500061035156,510.1300048828125,507.1000061035156,509.2699890136719,61321800
2024-02-26,493.7831726074219,505.989990234375,508.75,505.8599853515625,508.29998779296875,50386700
2024-02-27,494.700439453125,506.92999267578125,507.1600036621094,504.75,506.70001220703125,48854500
2024-02-28,494.0466613769531,506.260009765625,506.8599853515625,504.9599914550781,505.3299865722656,56506600
2024-02-29,495.8227233886719,508.0799865722656,509.739990234375,505.3500061035156,508.07000732421875,83924800
2024-03-01,500.47760009765625,512.8499755859375,513.2899780273438,508.55999755859375,508.9800109863281,76844800
2024-03-04,499.94091796875,512.2999877929688,514.2000122070312,512.0,512.030029296875,49799300
2024-03-05,494.9444274902344,507.17999267578125,510.70001220703125,504.9100036621094,510.239990234375,72855600
2024-03-06,497.4524230957031,509.75,512.0700073242188,508.4200134277344,510.54998779296875,68382400
2024-03-07,502.3903503417969,514.8099975585938,515.8900146484375,509.80999755859375,513.1400146484375,58652100
2024-03-08,499.37493896484375,511.7200012207031,518.219970703125,511.1300048828125,515.4600219726562,86532500
2024-03-11,498.9455261230469,511.2799987792969,511.8800048828125,508.5,510.4800109863281,62557200
2024-03-12,504.3128967285156,516.780029296875,517.3800048828125,510.8599853515625,513.4500122070312,73114400
2024-03-13,503.52227783203125,515.969970703125,517.2899780273438,514.489990234375,517.1099853515625,55104100
2024-03-14,502.5269470214844,514.9500122070312,517.1300048828125,511.82000732421875,516.969970703125,110171800
2024-03-15,499.0763244628906,509.8299865722656,511.70001220703125,508.1199951171875,510.2099914550781,107646300
2024-03-18,502.04241943359375,512.8599853515625,515.47998046875,512.4400024414062,514.0,88893300
2024-03-19,504.8323669433594,515.7100219726562,516.0,511.1199951171875,512.1500244140625,60755300
2024-03-20,509.5016784667969,520.47998046875,520.6199951171875,515.0800170898438,515.77001953125,69594600
2024-03-21,511.1854553222656,522.2000122070312,524.1099853515625,521.9099731445312,523.3900146484375,60256100
2024-03-22,510.2163391113281,521.2100219726562,522.6099853515625,520.969970703125,522.1099853515625,79070800
2024-03-25,508.8067321777344,519.77001953125,520.9500122070312,519.6099853515625,519.7999877929688,48512100
2024-03-26,507.86700439453125,518.8099975585938,521.5800170898438,518.4000244140625,521.22998046875,65463700
2024-03-27,512.1349487304688,523.1699829101562,523.2100219726562,519.489990234375,521.7100219726562,82999800
2024-03-28,512.037109375,523.0700073242188,524.6099853515625,522.780029296875,523.2100219726562,96294900
2024-04-01,511.1462707519531,522.1599731445312,524.3800048828125,520.969970703125,523.8300170898438,62477500
2024-04-02,507.8963317871094,518.8400268554688,518.97998046875,516.47998046875,518.239990234375,74230300
2024-04-03,508.4542541503906,519.4099731445312,520.9500122070312,517.6699829101562,517.719970703125,59155800
2024-04-04,502.24798583984375,513.0700073242188,523.8699951171875,512.760009765625,523.52001953125,96858100
2024-04-05,507.4949035644531,518.4299926757812,520.4400024414062,514.010009765625,514.4600219726562,74546500
2024-04-08,507.7787780761719,518.719970703125,520.1799926757812,517.8900146484375,519.1500244140625,48401800
2024-04-09,508.3661804199219,519.3200073242188,520.75,514.3499755859375,520.5,68049200
2024-04-10,503.27581787109375,514.1199951171875,516.1599731445312,512.0900268554688,513.47998046875,82652800
2024-04-11,507.07403564453125,518.0,519.47998046875,512.0800170898438,515.6799926757812,70099000
2024-04-12,500.0748291015625,510.8500061035156,515.8200073242188,509.0799865722656,514.3699951171875,92561100
2024-04-15,493.8098449707031,504.45001220703125,515.2999877929688,503.5799865722656,515.1300048828125,92101400
2024-04-16,492.9092102050781,503.5299987792969,506.5,502.2099914550781,504.94000244140625,73484000
2024-04-17,489.9920959472656,500.54998779296875,506.2200012207031,499.1199951171875,506.04998779296875,75910300
2024-04-18,488.9837951660156,499.5199890136719,504.1300048828125,498.55999755859375,501.9800109863281,74548100
2024-04-19,484.7157897949219,495.1600036621094,500.4599914550781,493.8599853515625,499.44000244140625,102212600
2024-04-22,489.1795654296875,499.7200012207031,502.3800048828125,495.42999267578125,497.8299865722656,67961000
2024-04-23,494.9844970703125,505.6499938964844,506.0899963378906,499.5299987792969,501.7799987792969,64633600
2024-04-24,494.7496032714844,505.4100036621094,507.3699951171875,503.1300048828125,506.55999755859375,55928100
2024-04-25,492.87005615234375,503.489990234375,504.2699890136719,497.489990234375,499.17999267578125,69122400
2024-04-26,497.5394592285156,508.260009765625,509.8800048828125,505.70001220703125,506.3500061035156,64306100
2024-04-29,499.3014831542969,510.05999755859375,510.75,507.25,510.0899963378906,46415400
2024-04-30,491.3919372558594,501.9800109863281,509.55999755859375,501.9800109863281,508.55999755859375,77483600
2024-05-01,489.7963562011719,500.3500061035156,508.19000244140625,499.8699951171875,501.3800048828125,80242800
2024-05-02,494.3775634765625,505.0299987792969,505.8900146484375,499.54998779296875,504.1499938964844,62550200
2024-05-03,500.50555419921875,511.2900085449219,512.5499877929688,508.55999755859375,511.1600036621094,72756700
2024-05-06,505.6741638183594,516.5700073242188,516.6099853515625,513.2999877929688,513.75,47264700
2024-05-07,506.232177734375,517.1400146484375,518.5700073242188,516.4500122070312,517.5599975585938,52561300
2024-05-08,506.2810974121094,517.1900024414062,517.739990234375,515.1400146484375,515.260009765625,42047200
2024-05-09,509.1982116699219,520.1699829101562,520.2100219726562,516.7100219726562,517.3800048828125,43643700
2024-05-10,509.8541259765625,520.8400268554688,522.6400146484375,519.5900268554688,521.8099975585938,52233200
2024-05-13,509.9226379394531,520.9099731445312,522.6699829101562,519.739990234375,522.5599975585938,36716400
2024-05-14,512.2621459960938,523.2999877929688,523.8300170898438,520.5599975585938,521.1099853515625,57535900
2024-05-15,518.6055297851562,529.780029296875,530.0800170898438,525.1799926757812,525.8300170898438,59504900
2024-05-16,517.5385131835938,528.6900024414062,531.52001953125,528.5399780273438,529.8800048828125,50244800
2024-05-17,518.282470703125,529.4500122070312,529.52001953125,527.3200073242188,528.8099975585938,59187600
2024-05-20,518.8796997070312,530.0599975585938,531.5599975585938,529.1699829101562,529.5700073242188,37764200
2024-05-21,520.15234375,531.3599853515625,531.52001953125,529.0700073242188,529.280029296875,33437000
2024-05-22,518.6546020507812,529.8300170898438,531.3800048828125,527.5999755859375,530.6500244140625,48390000
2024-05-23,514.8660888671875,525.9600219726562,533.0700073242188,524.719970703125,532.9600219726562,57211200
2024-05-24,518.272705078125,529.4400024414062,530.27001953125,526.8800048828125,527.8499755859375,41291100
2024-05-28,518.635009765625,529.8099975585938,530.510009765625,527.1099853515625,530.27001953125,36269600
2024-05-29,515.003173828125,526.0999755859375,527.3099975585938,525.3699951171875,525.6799926757812,45190300
2024-05-30,511.5867614746094,522.6099853515625,525.2000122070312,521.3300170898438,524.52001953125,46377600
2024-05-31,516.2463989257812,527.3699951171875,527.5,518.3599853515625,523.5900268554688,90785800
2024-06-03,516.6672973632812,527.7999877929688,529.3099975585938,522.5999755859375,529.02001953125,46835700
2024-06-04,517.244873046875,528.3900146484375,529.1500244140625,524.9600219726562,526.4600219726562,34632700
2024-06-05,523.3923950195312,534.6699829101562,534.6900024414062,528.72998046875,530.77001953125,47610400
2024-06-06,523.382568359375,534.6599731445312,535.4199829101562,532.6799926757812,534.97998046875,30808500
2024-06-07,522.7462768554688,534.010009765625,536.8900146484375,532.5399780273438,533.6599731445312,43224500
2024-06-10,524.3615112304688,535.6599731445312,535.989990234375,532.5700073242188,533.1799926757812,35686100
2024-06-11,525.624267578125,536.9500122070312,537.010009765625,532.0499877929688,534.0700073242188,36383400
2024-06-12,529.9413452148438,541.3599853515625,544.1199951171875,540.2999877929688,541.6300048828125,63251300
2024-06-13,531.00830078125,542.4500122070312,543.3300170898438,539.5900268554688,543.1500244140625,44760900
2024-06-14,531.3314208984375,542.780029296875,542.8099975585938,539.8499755859375,540.8800048828125,40089900
2024-06-17,535.5601806640625,547.0999755859375,548.530029296875,541.6099853515625,542.0800170898438,55839500
2024-06-18,536.9209594726562,548.489990234375,548.6199951171875,546.72998046875,547.1599731445312,41376400
2024-06-20,535.4623413085938,547.0,550.1199951171875,545.1799926757812,549.4400024414062,70328200
2024-06-21,534.7444458007812,544.510009765625,545.6500244140625,543.02001953125,544.4000244140625,64338600
2024-06-24,533.0061645507812,542.739990234375,546.9500122070312,542.6199951171875,544.3300170898438,45528700
2024-06-25,535.0587158203125,544.8300170898438,545.2000122070312,542.4400024414062,543.989990234375,37936200
2024-06-26,535.7265014648438,545.510009765625,546.239990234375,543.030029296875,543.6900024414062,38550600
2024-06-27,536.5711059570312,546.3699951171875,546.9600219726562,544.6099853515625,545.3699951171875,35041500
2024-06-28,534.4596557617188,544.219970703125,550.280029296875,542.9500122070312,547.1599731445312,76144500
2024-07-01,535.5595703125,545.3400268554688,545.8800048828125,542.52001953125,545.6300048828125,40297800
2024-07-02,539.163818359375,549.010009765625,549.010009765625,543.6500244140625,543.7000122070312,40434800
2024-07-03,541.5697631835938,551.4600219726562,551.8300170898438,548.6500244140625,548.6900024414062,32789900
2024-07-05,544.6926879882812,554.6400146484375,555.0499877929688,551.1199951171875,551.77001953125,41488400
2024-07-08,545.3213500976562,555.280029296875,556.25,554.1900024414062,555.4400024414062,36110500
2024-07-09,545.8516845703125,555.8200073242188,557.1799926757812,555.52001953125,556.260009765625,27289700
2024-07-10,551.2529907226562,561.3200073242188,561.6699829101562,556.77001953125,557.0700073242188,38701200
2024-07-11,546.4996948242188,556.47998046875,562.3300170898438,555.8300170898438,561.4400024414062,53054200
2024-07-12,549.9468383789062,559.989990234375,563.6699829101562,557.1500244140625,557.6300048828125,53084400
2024-07-15,551.459228515625,561.530029296875,564.8400268554688,559.6300048828125,562.030029296875,40584300
2024-07-16,554.7294311523438,564.8599853515625,565.1599731445312,562.0999755859375,562.8699951171875,36475300
2024-07-17,546.9515991210938,556.9400024414062,560.510009765625,556.6099853515625,558.7999877929688,57119000
2024-07-18,542.748291015625,552.6599731445312,559.52001953125,550.4299926757812,558.510009765625,56270400
2024-07-19,539.1441650390625,548.989990234375,554.0800170898438,547.9099731445312,552.4199829101562,65509100
2024-07-22,544.7026977539062,554.6500244140625,555.27001953125,551.02001953125,553.0,43346700
2024-07-23,543.8482055664062,553.780029296875,556.739990234375,553.280029296875,554.5399780273438,34439600
2024-07-24,531.5232543945312,541.22998046875,549.1699829101562,540.2899780273438,548.8599853515625,74515300
2024-07-25,528.7538452148438,538.4099731445312,547.4600219726562,537.4500122070312,541.3499755859375,61158300
2024-07-26,534.6757202148438,544.4400024414062,547.1900024414062,541.489990234375,542.280029296875,53763800
2024-07-29,534.9900512695312,544.760009765625,547.0499877929688,542.719970703125,546.02001953125,39515800
2024-07-30,532.2794799804688,542.0,547.3400268554688,538.52001953125,546.260009765625,46853600
2024-07-31,540.9315185546875,550.8099975585938,553.5,547.5800170898438,548.97998046875,65663400
2024-08-01,533.2713623046875,543.010009765625,554.8699951171875,539.4299926757812,552.5700073242188,76428700
2024-08-02,523.3427124023438,532.9000244140625,536.989990234375,528.5999755859375,535.75,82789100
2024-08-05,508.10101318359375,517.3800048828125,523.5800170898438,510.2699890136719,511.6400146484375,146267400
2024-08-06,512.7855834960938,522.1500244140625,529.75,517.8699951171875,519.219970703125,84826300
2024-08-07,509.3580017089844,518.6599731445312,531.5900268554688,518.0499877929688,528.469970703125,70698300
2024-08-08,521.133056640625,530.6500244140625,531.2899780273438,521.8400268554688,523.9099731445312,63276600
2024-08-09,523.4310302734375,532.989990234375,534.510009765625,528.5599975585938,529.8099975585938,45619600
2024-08-12,523.7060546875,533.27001953125,535.72998046875,530.9500122070312,534.2100219726562,42542100
2024-08-13,532.3187255859375,542.0399780273438,542.280029296875,536.280029296875,536.530029296875,52333100
2024-08-14,533.9981079101562,543.75,544.9600219726562,540.1199951171875,542.8499755859375,42446900
2024-08-15,543.1509399414062,553.0700073242188,553.3599853515625,548.8800048828125,549.5,60846800
2024-08-16,544.36865234375,554.3099975585938,555.02001953125,551.260009765625,551.4199829101562,44430700
2024-08-19,549.5736083984375,559.6099853515625,559.6099853515625,553.8599853515625,554.72998046875,39121800
2024-08-20,548.6799926757812,558.7000122070312,560.8400268554688,557.3300170898438,559.1500244140625,33732300
2024-08-21,550.5654296875,560.6199951171875,562.1099853515625,554.72998046875,559.77001953125,41514600
2024-08-22,546.2444458007812,556.219970703125,563.1799926757812,554.97998046875,562.5599975585938,56121500
2024-08-23,552.0484008789062,562.1300048828125,563.0900268554688,557.2899780273438,559.530029296875,50639400
2024-08-26,550.732421875,560.7899780273438,563.9099731445312,559.0499877929688,563.1799926757812,35788600
2024-08-27,551.4886474609375,561.5599975585938,562.0599975585938,558.3200073242188,559.489990234375,32693900
2024-08-28,548.2871704101562,558.2999877929688,561.6500244140625,555.0399780273438,561.2100219726562,41066000
2024-08-29,548.336181640625,558.3499755859375,563.6799926757812,557.1799926757812,560.3099975585938,38715200
2024-08-30,553.5706176757812,563.6799926757812,564.2000122070312,557.1400146484375,560.77001953125,62700100
2024-09-03,542.1786499023438,552.0800170898438,560.8099975585938,549.510009765625,560.469970703125,60600100
2024-09-04,541.0689697265625,550.9500122070312,554.4299926757812,549.4600219726562,550.2000122070312,47224900
2024-09-05,539.7530517578125,549.6099853515625,553.7999877929688,547.0999755859375,550.8900146484375,44264300
2024-09-06,530.6687622070312,540.3599853515625,551.5999755859375,539.4400024414062,549.9400024414062,68493800
2024-09-09,536.6102905273438,546.4099731445312,547.7100219726562,542.6799926757812,544.6500244140625,40445800
2024-09-10,538.9476928710938,548.7899780273438,549.1500244140625,543.3800048828125,548.3599853515625,36394600
2024-09-11,544.4766845703125,554.4199829101562,555.3599853515625,539.9600219726562,548.7000122070312,75248600
2024-09-12,549.0630493164062,559.0900268554688,559.4000244140625,552.739990234375,555.010009765625,51819600
2024-09-13,551.9305419921875,562.010009765625,563.030029296875,559.4500122070312,559.7100219726562,39310500
2024-09-16,552.7456665039062,562.8400268554688,563.1099853515625,559.9000244140625,561.739990234375,36656100
2024-09-17,552.9715576171875,563.0700073242188,566.5800170898438,560.7899780273438,565.0999755859375,49321000
2024-09-18,551.3316040039062,561.4000244140625,568.6900024414062,560.8300170898438,563.739990234375,59044900
2024-09-19,560.7396850585938,570.97998046875,572.8800048828125,568.0800170898438,571.010009765625,75315500
2024-09-20,559.7703857421875,568.25,569.3099975585938,565.1699829101562,567.8400268554688,77503100
2024-09-23,561.169189453125,569.6699829101562,570.3300170898438,568.0999755859375,569.3400268554688,44116900
2024-09-24,562.7748413085938,571.2999877929688,571.3599853515625,567.5999755859375,570.47998046875,46805700
2024-09-25,561.5336303710938,570.0399780273438,571.8900146484375,568.9099731445312,571.1400146484375,38428600
2024-09-26,563.7599487304688,572.2999877929688,574.7100219726562,569.9000244140625,574.3800048828125,48336000
2024-09-27,562.9423217773438,571.469970703125,574.219970703125,570.4199829101562,573.3900146484375,42100900
2024-09-30,565.1981811523438,573.760009765625,574.3800048828125,568.0800170898438,570.4199829101562,63557400
2024-10-01,560.1348876953125,568.6199951171875,574.0599975585938,566.0,573.4000244140625,72668800
2024-10-02,560.371337890625,568.8599853515625,569.9000244140625,565.27001953125,567.7100219726562,38097800
2024-10-03,559.346923828125,567.8200073242188,569.7999877929688,565.489990234375,567.3599853515625,40846500
2024-10-04,564.4298095703125,572.97998046875,573.3599853515625,568.0999755859375,572.3499755859375,42939100
2024-10-07,559.3270874023438,567.7999877929688,571.9600219726562,566.6300048828125,571.2999877929688,49964700
2024-10-08,564.6170043945312,573.1699829101562,573.780029296875,569.530029296875,570.4199829101562,37398700
2024-10-09,568.52783203125,577.1400146484375,577.7100219726562,572.5499877929688,573.1599731445312,37912200
2024-10-10,567.5328369140625,576.1300048828125,577.5800170898438,574.489990234375,575.77001953125,44138100
2024-10-11,570.9313354492188,579.5800170898438,580.3300170898438,575.9099731445312,576.0499877929688,42268000
2024-10-14,575.6005859375,584.3200073242188,585.27001953125,580.72998046875,581.219970703125,36217200
2024-10-15,571.1282958984375,579.780029296875,584.9000244140625,578.5399780273438,584.5900268554688,54203600
2024-10-16,573.6107788085938,582.2999877929688,582.8300170898438,578.9600219726562,579.780029296875,30725400
2024-10-17,573.659912109375,582.3499755859375,586.1199951171875,582.1599731445312,585.9099731445312,34393700
2024-10-18,575.8665771484375,584.5900268554688,585.3900146484375,582.5800170898438,584.0700073242188,37416800
2024-10-21,574.9208984375,583.6300048828125,584.8499755859375,580.5999755859375,583.8499755859375,36439000
2024-10-22,574.6155395507812,583.3200073242188,584.5,580.3800048828125,581.0499877929688,34183800
2024-10-23,569.3650512695312,577.989990234375,581.7100219726562,574.4199829101562,581.260009765625,49314600
2024-10-24,570.5963745117188,579.239990234375,580.0599975585938,576.5700073242188,579.97998046875,34979900
2024-10-25,570.3993530273438,579.0399780273438,584.4600219726562,578.0800170898438,581.510009765625,47268200
2024-10-28,572.1627197265625,580.8300170898438,582.7100219726562,580.52001953125,582.5800170898438,30174700
2024-10-29,573.088623046875,581.77001953125,582.9099731445312,578.4299926757812,579.8499755859375,42899700
2024-10-30,571.3549194335938,580.010009765625,583.3200073242188,579.2899780273438,581.2899780273438,41435800
2024-10-31,560.1546630859375,568.6400146484375,575.6300048828125,568.4400024414062,575.5599975585938,60182500
2024-11-01,562.5186767578125,571.0399780273438,575.5499877929688,570.6199951171875,571.3200073242188,45667500
2024-11-04,561.3070678710938,569.8099975585938,572.5,567.8900146484375,571.1799926757812,38217000
2024-11-05,568.0943603515625,576.7000122070312,576.739990234375,570.52001953125,570.739990234375,39478300
2024-11-06,582.2203979492188,591.0399780273438,591.9299926757812,585.3900146484375,589.2000122070312,68182000
2024-11-07,586.7221069335938,595.6099853515625,596.6500244140625,593.0,593.0800170898438,47233200
2024-11-08,589.2636108398438,598.1900024414062,599.6400146484375,596.1699829101562,596.1699829101562,46444900
2024-11-11,589.8250732421875,598.760009765625,600.1699829101562,597.0,599.8099975585938,37586800
2024-11-12,587.992919921875,596.9000244140625,599.2899780273438,594.3699951171875,598.6799926757812,43006100
2024-11-13,588.2785034179688,597.1900024414062,599.22998046875,594.9600219726562,597.3699951171875,47388600
2024-11-14,584.4957885742188,593.3499755859375,597.8099975585938,592.6500244140625,597.3200073242188,38904100
2024-11-15,577.00927734375,585.75,590.2000122070312,583.8599853515625,589.719970703125,75988800
2024-11-18,579.3734741210938,588.1500244140625,589.489990234375,585.3400268554688,586.219970703125,37001700
2024-11-19,581.4913940429688,590.2999877929688,591.0399780273438,584.030029296875,584.7100219726562,49412000
2024-11-20,581.6883544921875,590.5,590.7899780273438,584.6300048828125,590.3800048828125,50032600
2024-11-21,584.8110961914062,593.6699829101562,595.1199951171875,587.4500122070312,593.4000244140625,46750300
2024-11-22,586.6237182617188,595.510009765625,596.1500244140625,593.1500244140625,593.6599731445312,38226400
2024-11-25,588.613525390625,597.530029296875,600.8599853515625,595.2000122070312,599.52001953125,42441400
2024-11-26,591.6869506835938,600.6500244140625,601.3300170898438,598.0700073242188,598.7999877929688,45621300
2024-11-27,589.8941040039062,598.8300170898438,600.8499755859375,597.280029296875,600.4600219726562,34000200
2024-11-29,593.55859375,602.5499877929688,603.3499755859375,599.3800048828125,599.6599731445312,30177400
2024-12-02,594.6224365234375,603.6300048828125,604.3200073242188,602.469970703125,602.969970703125,31746000
2024-12-03,594.8982543945312,603.9099731445312,604.1599731445312,602.3400268554688,603.3900146484375,26906600
2024-12-04,598.59228515625,607.6599731445312,607.9099731445312,604.9500122070312,605.6300048828125,42787600
2024-12-05,597.6072387695312,606.6599731445312,608.47998046875,606.2999877929688,607.6599731445312,28762200
2024-12-06,598.7400512695312,607.8099975585938,609.0700073242188,607.02001953125,607.4400024414062,31241500
2024-12-09,595.65673828125,604.6799926757812,607.8599853515625,604.0800170898438,607.6900024414062,34742700
2024-12-10,593.8048095703125,602.7999877929688,605.7999877929688,602.1300048828125,605.3699951171875,37234500
2024-12-11,598.3953247070312,607.4600219726562,608.4299926757812,605.5,605.780029296875,28677700
2024-12-12,595.3120727539062,604.3300170898438,607.1599731445312,604.3300170898438,606.5800170898438,31543800
2024-12-13,595.1937866210938,604.2100219726562,607.1300048828125,602.8099975585938,606.4000244140625,35904700
2024-12-16,597.7352905273438,606.7899780273438,607.780029296875,605.2100219726562,606.0,43695200
2024-12-17,595.2726440429688,604.2899780273438,605.1699829101562,602.8900146484375,604.1900024414062,55773500
2024-12-18,577.5313720703125,586.280029296875,606.4099731445312,585.8900146484375,603.97998046875,108248700
2024-12-19,577.35400390625,586.0999755859375,593.0,585.8499755859375,591.3599853515625,85919500
2024-12-20,584.2886352539062,591.1500244140625,595.75,580.9099731445312,581.77001953125,125716700
2024-12-23,587.7875366210938,594.6900024414062,595.2999877929688,587.6599731445312,590.8900146484375,57635800
2024-12-24,594.32080078125,601.2999877929688,601.3400268554688,595.469970703125,596.0599975585938,33160100
2024-12-26,594.3603515625,601.3400268554688,602.47998046875,598.0800170898438,599.5,41219100
2024-12-27,588.1038208007812,595.010009765625,597.780029296875,590.760009765625,597.5399780273438,64969300
2024-12-30,581.392578125,588.219970703125,591.739990234375,584.4099731445312,587.8900146484375,56578800
